article_id,product_id,title,slug,category,keyword,content,seo_title,meta_description,featured_image,related_products,related_landingpage,affiliate_link,asset_html,status,created_at,updated_at
ART_CHK24_004,CHK24_004,DSL,dsl,DSL,,"
    <p><strong>Werbung / Anzeige:</strong>
    Diese Seite enthält Affiliate-Links.</p>

    <h2>DSL</h2>

    <p>
    Hier finden Sie Informationen zu
    DSL und wichtigen Eigenschaften
    dieses Produkts.
    </p>

    <p>
    Weitere Informationen und passende
    Angebote finden Sie auf der
    Produktseite.
    </p>
    ",DSL | Free Basics,Informationen zu DSL.,,/produkte,/lp/CHK24_004,https://a.check24.net/misc/click.php?pid=354456&aid=18&deep=dsl-anbieterwechsel&cat=4,,ready,2026-07-19T16:05:54.554569,2026-07-19T16:05:54.554584
ART_CHK24_005,CHK24_005,Mobilfunk,mobilfunk,Mobilfunk,,"
    <p><strong>Werbung / Anzeige:</strong>
    Diese Seite enthält Affiliate-Links.</p>

    <h2>Mobilfunk</h2>

    <p>
    Hier finden Sie Informationen zu
    Mobilfunk und wichtigen Eigenschaften
    dieses Produkts.
    </p>

    <p>
    Weitere Informationen und passende
    Angebote finden Sie auf der
    Produktseite.
    </p>
    ",Mobilfunk | Free Basics,Informationen zu Mobilfunk.,,/produkte,/lp/CHK24_005,https://a.check24.net/misc/click.php?pid=354456&aid=18&deep=handytarife&cat=7,,ready,2026-07-19T16:05:54.920033,2026-07-19T16:05:54.920046
ART_CHK24_002,CHK24_002,Oekostrom,oekostrom,Oekostrom,,"
    <p><strong>Werbung / Anzeige:</strong>
    Diese Seite enthält Affiliate-Links.</p>

    <h2>Oekostrom</h2>

    <p>
    Hier finden Sie Informationen zu
    Oekostrom und wichtigen Eigenschaften
    dieses Produkts.
    </p>

    <p>
    Weitere Informationen und passende
    Angebote finden Sie auf der
    Produktseite.
    </p>
    ",Oekostrom | Free Basics,Informationen zu Oekostrom.,,/produkte,/lp/CHK24_002,https://a.check24.net/misc/click.php?pid=354456&aid=18&deep=oekostrom&cat=5,,ready,2026-07-19T16:05:55.732458,2026-07-19T16:05:55.732474
ART_CHK24_001,CHK24_001,Strom,strom,Strom,,"
    <p><strong>Werbung / Anzeige:</strong>
    Diese Seite enthält Affiliate-Links.</p>

    <h2>Strom</h2>

    <p>
    Hier finden Sie Informationen zu
    Strom und wichtigen Eigenschaften
    dieses Produkts.
    </p>

    <p>
    Weitere Informationen und passende
    Angebote finden Sie auf der
    Produktseite.
    </p>
    ",Strom | Free Basics,Informationen zu Strom.,,/produkte,/lp/CHK24_001,https://a.check24.net/misc/click.php?pid=354456&aid=18&deep=stromanbieter-wechseln&cat=1,,ready,2026-07-19T16:05:56.508589,2026-07-19T16:05:56.508606
ART_CHK24_003,CHK24_003,Gas,gas,Gas,,"
    <p><strong>Werbung / Anzeige:</strong>
    Diese Seite enthält Affiliate-Links.</p>

    <h2>Gas</h2>

    <p>
    Hier finden Sie Informationen zu
    Gas und wichtigen Eigenschaften
    dieses Produkts.
    </p>

    <p>
    Weitere Informationen und passende
    Angebote finden Sie auf der
    Produktseite.
    </p>
    ",Gas | Free Basics,Informationen zu Gas.,,/produkte,/lp/CHK24_003,https://a.check24.net/misc/click.php?pid=354456&aid=18&deep=gasanbieter-wechseln&cat=3,,ready,2026-07-19T16:05:56.901438,2026-07-19T16:05:56.901454
ART_CHK24_006,CHK24_006,Pauschalreise,pauschalreise,Reisen,,"
    <p><strong>Werbung / Anzeige:</strong>
    Diese Seite enthält Affiliate-Links.</p>

    <h2>Pauschalreise</h2>

    <p>
    Hier finden Sie Informationen zu
    Pauschalreise und wichtigen Eigenschaften
    dieses Produkts.
    </p>

    <p>
    Weitere Informationen und passende
    Angebote finden Sie auf der
    Produktseite.
    </p>
    ",Pauschalreise | Free Basics,Informationen zu Pauschalreise.,,/produkte,/lp/CHK24_006,https://a.check24.net/misc/click.php?pid=354456&aid=18&deep=pauschalreisen-vergleich&cat=9,,ready,2026-07-19T16:05:57.649416,2026-07-19T16:05:57.649439
ART_CHK24_007,CHK24_007,Mietwagen,mietwagen,Reisen,,"
    <p><strong>Werbung / Anzeige:</strong>
    Diese Seite enthält Affiliate-Links.</p>

    <h2>Mietwagen</h2>

    <p>
    Hier finden Sie Informationen zu
    Mietwagen und wichtigen Eigenschaften
    dieses Produkts.
    </p>

    <p>
    Weitere Informationen und passende
    Angebote finden Sie auf der
    Produktseite.
    </p>
    ",Mietwagen | Free Basics,Informationen zu Mietwagen.,,/produkte,/lp/CHK24_007,https://a.check24.net/misc/click.php?pid=354456&aid=18&deep=mietwagen-preisvergleich&cat=10,,ready,2026-07-19T16:05:57.941483,2026-07-19T16:05:57.941503
ART_CHK24_008,CHK24_008,C24 Bank,c24-bank,Finanzen,,"
    <p><strong>Werbung / Anzeige:</strong>
    Diese Seite enthält Affiliate-Links.</p>

    <h2>C24 Bank</h2>

    <p>
    Hier finden Sie Informationen zu
    C24 Bank und wichtigen Eigenschaften
    dieses Produkts.
    </p>

    <p>
    Weitere Informationen und passende
    Angebote finden Sie auf der
    Produktseite.
    </p>
    ",C24 Bank | Free Basics,Informationen zu C24 Bank.,,/produkte,/lp/CHK24_008,https://a.check24.net/misc/click.php?pid=354456&aid=18&deep=c24bank&cat=14,,ready,2026-07-19T16:05:58.655838,2026-07-19T16:05:58.655856
ART_TC_001,TC_001,Solaranlage,solaranlage,Solaranlage,,"
    <p><strong>Werbung / Anzeige:</strong>
    Diese Seite enthält Affiliate-Links.</p>

    <h2>Solaranlage</h2>

    <p>
    Hier finden Sie Informationen zu
    Solaranlage und wichtigen Eigenschaften
    dieses Produkts.
    </p>

    <p>
    Weitere Informationen und passende
    Angebote finden Sie auf der
    Produktseite.
    </p>
    ",Solaranlage | Free Basics,Informationen zu Solaranlage.,,/produkte,/lp/TC_001,https://a.partner-versicherung.de/click.php?partner_id=165274&ad_id=15&deep=solaranlage,,ready,2026-07-19T16:05:58.949896,2026-07-19T16:05:58.949911
ART_TC_002,TC_002,Kfz-Versicherung,kfz-versicherung,Versicherung,,"
    <p><strong>Werbung / Anzeige:</strong>
    Diese Seite enthält Affiliate-Links.</p>

    <h2>Kfz-Versicherung</h2>

    <p>
    Hier finden Sie Informationen zu
    Kfz-Versicherung und wichtigen Eigenschaften
    dieses Produkts.
    </p>

    <p>
    Weitere Informationen und passende
    Angebote finden Sie auf der
    Produktseite.
    </p>
    ",Kfz-Versicherung | Free Basics,Informationen zu Kfz-Versicherung.,,/produkte,/lp/TC_002,https://a.partner-versicherung.de/click.php?partner_id=165274&ad_id=15&deep=kfz-versicherung,,ready,2026-07-19T16:05:59.295648,2026-07-19T16:05:59.295660
ART_TC_003,TC_003,Kredit,kredit,Kredit,,"
    <p><strong>Werbung / Anzeige:</strong>
    Diese Seite enthält Affiliate-Links.</p>

    <h2>Kredit</h2>

    <p>
    Hier finden Sie Informationen zu
    Kredit und wichtigen Eigenschaften
    dieses Produkts.
    </p>

    <p>
    Weitere Informationen und passende
    Angebote finden Sie auf der
    Produktseite.
    </p>
    ",Kredit | Free Basics,Informationen zu Kredit.,,/produkte,/lp/TC_003,https://a.partner-versicherung.de/click.php?partner_id=165274&ad_id=15&deep=kredit,,ready,2026-07-19T16:05:59.577572,2026-07-19T16:05:59.577587
ART_TC_004,TC_004,Girokonto,girokonto,Girokonto,,"
    <p><strong>Werbung / Anzeige:</strong>
    Diese Seite enthält Affiliate-Links.</p>

    <h2>Girokonto</h2>

    <p>
    Hier finden Sie Informationen zu
    Girokonto und wichtigen Eigenschaften
    dieses Produkts.
    </p>

    <p>
    Weitere Informationen und passende
    Angebote finden Sie auf der
    Produktseite.
    </p>
    ",Girokonto | Free Basics,Informationen zu Girokonto.,,/produkte,/lp/TC_004,https://a.partner-versicherung.de/click.php?partner_id=165274&ad_id=15&deep=girokonto,,ready,2026-07-19T16:05:59.807972,2026-07-19T16:05:59.807995
ART_TC_005,TC_005,Baufinanzierung,baufinanzierung,Baufinanzierung,,"
    <p><strong>Werbung / Anzeige:</strong>
    Diese Seite enthält Affiliate-Links.</p>

    <h2>Baufinanzierung</h2>

    <p>
    Hier finden Sie Informationen zu
    Baufinanzierung und wichtigen Eigenschaften
    dieses Produkts.
    </p>

    <p>
    Weitere Informationen und passende
    Angebote finden Sie auf der
    Produktseite.
    </p>
    ",Baufinanzierung | Free Basics,Informationen zu Baufinanzierung.,,/produkte,/lp/TC_005,https://a.partner-versicherung.de/click.php?partner_id=165274&ad_id=15&deep=baufinanzierung,,ready,2026-07-19T16:06:00.084314,2026-07-19T16:06:00.084326
ART_TC_006,TC_006,Hausratversicherung,hausratversicherung,Versicherung,,"
    <p><strong>Werbung / Anzeige:</strong>
    Diese Seite enthält Affiliate-Links.</p>

    <h2>Hausratversicherung</h2>

    <p>
    Hier finden Sie Informationen zu
    Hausratversicherung und wichtigen Eigenschaften
    dieses Produkts.
    </p>

    <p>
    Weitere Informationen und passende
    Angebote finden Sie auf der
    Produktseite.
    </p>
    ",Hausratversicherung | Free Basics,Informationen zu Hausratversicherung.,,/produkte,/lp/TC_006,https://a.partner-versicherung.de/click.php?partner_id=165274&ad_id=15&deep=hausratversicherung,,ready,2026-07-19T16:06:00.350141,2026-07-19T16:06:00.350155
ART_TC_007,TC_007,Haftpflichtversicherung,haftpflichtversicherung,Versicherung,,"
    <p><strong>Werbung / Anzeige:</strong>
    Diese Seite enthält Affiliate-Links.</p>

    <h2>Haftpflichtversicherung</h2>

    <p>
    Hier finden Sie Informationen zu
    Haftpflichtversicherung und wichtigen Eigenschaften
    dieses Produkts.
    </p>

    <p>
    Weitere Informationen und passende
    Angebote finden Sie auf der
    Produktseite.
    </p>
    ",Haftpflichtversicherung | Free Basics,Informationen zu Haftpflichtversicherung.,,/produkte,/lp/TC_007,https://a.partner-versicherung.de/click.php?partner_id=165274&ad_id=15&deep=haftpflichtversicherung,,ready,2026-07-19T16:06:00.611693,2026-07-19T16:06:00.611705
ART_TC_008,TC_008,Rentenversicherung,rentenversicherung,Vorsorge,,"
    <p><strong>Werbung / Anzeige:</strong>
    Diese Seite enthält Affiliate-Links.</p>

    <h2>Rentenversicherung</h2>

    <p>
    Hier finden Sie Informationen zu
    Rentenversicherung und wichtigen Eigenschaften
    dieses Produkts.
    </p>

    <p>
    Weitere Informationen und passende
    Angebote finden Sie auf der
    Produktseite.
    </p>
    ",Rentenversicherung | Free Basics,Informationen zu Rentenversicherung.,,/produkte,/lp/TC_008,https://a.partner-versicherung.de/click.php?partner_id=165274&ad_id=15&deep=rentenversicherung,,ready,2026-07-19T16:06:00.898402,2026-07-19T16:06:00.898416
ART_TC_009,TC_009,Private Krankenversicherung,private-krankenversicherung,Versicherung,,"
    <p><strong>Werbung / Anzeige:</strong>
    Diese Seite enthält Affiliate-Links.</p>

    <h2>Private Krankenversicherung</h2>

    <p>
    Hier finden Sie Informationen zu
    Private Krankenversicherung und wichtigen Eigenschaften
    dieses Produkts.
    </p>

    <p>
    Weitere Informationen und passende
    Angebote finden Sie auf der
    Produktseite.
    </p>
    ",Private Krankenversicherung | Free Basics,Informationen zu Private Krankenversicherung.,,/produkte,/lp/TC_009,https://a.partner-versicherung.de/click.php?partner_id=165274&ad_id=15&deep=private-krankenversicherung,,ready,2026-07-19T16:06:01.123642,2026-07-19T16:06:01.123655
ART_B0FQF32239,B0FQF32239,Apple AirPods Pro 3 Kabellose In-Ear Kopfhörer,apple-airpods-pro-3-kabellose-in-ear-kopfh-rer,Bluetooth-Kopfhörer,,"
    <p><strong>Werbung / Anzeige:</strong>
    Diese Seite enthält Affiliate-Links.</p>

    <h2>Apple AirPods Pro 3 Kabellose In-Ear Kopfhörer</h2>

    <p>
    Hier finden Sie Informationen zu
    Apple AirPods Pro 3 Kabellose In-Ear Kopfhörer und wichtigen Eigenschaften
    dieses Produkts.
    </p>

    <p>
    Weitere Informationen und passende
    Angebote finden Sie auf der
    Produktseite.
    </p>
    ",Apple AirPods Pro 3 Kabellose In-Ear Kopfhörer | Free Basics,Informationen zu Apple AirPods Pro 3 Kabellose In-Ear Kopfhörer.,/content/drive/MyDrive/AI_Agent/bilder/produkte/amazon/B0FQF32239_original.jpg,/produkte,/lp/B0FQF32239,https://www.amazon.de/gp/product/B0FQF32239?smid=A3JWKAKR8XB7XF&psc=1&linkCode=ll2&tag=freebasics-21&linkId=44049d07107531e7ad6d6dfe2f054065&ref_=as_li_ss_tl,,ready,2026-07-19T16:06:01.393748,2026-07-19T16:06:01.393761
ART_B0CFPWLGF2,B0CFPWLGF2,Amazon Kindle Paperwhite neueste Generation 16 GB ohne Werbung schwarz,amazon-kindle-paperwhite-neueste-generation-16-gb-ohne-werbung-schwarz,E-Reader,,"
    <p><strong>Werbung / Anzeige:</strong>
    Diese Seite enthält Affiliate-Links.</p>

    <h2>Amazon Kindle Paperwhite neueste Generation 16 GB ohne Werbung schwarz</h2>

    <p>
    Hier finden Sie Informationen zu
    Amazon Kindle Paperwhite neueste Generation 16 GB ohne Werbung schwarz und wichtigen Eigenschaften
    dieses Produkts.
    </p>

    <p>
    Weitere Informationen und passende
    Angebote finden Sie auf der
    Produktseite.
    </p>
    ",Amazon Kindle Paperwhite neueste Generation 16 GB ohne Werbung schwarz | Free Basics,Informationen zu Amazon Kindle Paperwhite neueste Generation 16 GB ohne Werbung schwarz.,/content/drive/MyDrive/AI_Agent/bilder/produkte/amazon/B0CFPWLGF2_original.jpg,/produkte,/lp/B0CFPWLGF2,https://www.amazon.de/gp/product/B0CFPWLGF2?smid=A3JWKAKR8XB7XF&th=1&linkCode=ll2&tag=freebasics-21&linkId=44d0788340e0256001696d3ece88528d&ref_=as_li_ss_tl,,ready,2026-07-19T16:06:01.624625,2026-07-19T16:06:01.624638
ART_B0DFYN8174,B0DFYN8174,Philips OneBlade Intimate Intimrasur Trimmen und Rasieren mit extra Hautschutz Modell QP1924/30,philips-oneblade-intimate-intimrasur-trimmen-und-rasieren-mit-extra-hautschutz-modell-qp1924-30,Körperpflege & Elektrorasierer,,"
    <p><strong>Werbung / Anzeige:</strong>
    Diese Seite enthält Affiliate-Links.</p>

    <h2>Philips OneBlade Intimate Intimrasur Trimmen und Rasieren mit extra Hautschutz Modell QP1924/30</h2>

    <p>
    Hier finden Sie Informationen zu
    Philips OneBlade Intimate Intimrasur Trimmen und Rasieren mit extra Hautschutz Modell QP1924/30 und wichtigen Eigenschaften
    dieses Produkts.
    </p>

    <p>
    Weitere Informationen und passende
    Angebote finden Sie auf der
    Produktseite.
    </p>
    ",Philips OneBlade Intimate Intimrasur Trimmen und Rasieren mit extra Hautschutz Modell QP1924/30 | Free Basics,Informationen zu Philips OneBlade Intimate Intimrasur Trimmen und Rasieren mit extra Hautschutz Modell QP1924/30.,/content/drive/MyDrive/AI_Agent/bilder/produkte/amazon/B0DFYN8174_original.jpg,/produkte,/lp/B0DFYN8174,https://www.amazon.de/gp/product/B0DFYN8174?smid=A3JWKAKR8XB7XF&psc=1&linkCode=ll2&tag=freebasics-21&linkId=f29cec1e2851f7a806babd846a9ddfc4&ref_=as_li_ss_tl,,ready,2026-07-19T16:06:01.888499,2026-07-19T16:06:01.888511
ART_B0FPXFBL13,B0FPXFBL13,LEGO Editions Lionel Messi Fußball-Highlights Spielzeug 3D Modellbau mit Minifigur,lego-editions-lionel-messi-fu-ball-highlights-spielzeug-3d-modellbau-mit-minifigur,Bauspielzeugsets,,"
    <p><strong>Werbung / Anzeige:</strong>
    Diese Seite enthält Affiliate-Links.</p>

    <h2>LEGO Editions Lionel Messi Fußball-Highlights Spielzeug 3D Modellbau mit Minifigur</h2>

    <p>
    Hier finden Sie Informationen zu
    LEGO Editions Lionel Messi Fußball-Highlights Spielzeug 3D Modellbau mit Minifigur und wichtigen Eigenschaften
    dieses Produkts.
    </p>

    <p>
    Weitere Informationen und passende
    Angebote finden Sie auf der
    Produktseite.
    </p>
    ",LEGO Editions Lionel Messi Fußball-Highlights Spielzeug 3D Modellbau mit Minifigur | Free Basics,Informationen zu LEGO Editions Lionel Messi Fußball-Highlights Spielzeug 3D Modellbau mit Minifigur.,/content/drive/MyDrive/AI_Agent/bilder/produkte/amazon/B0FPXFBL13_original.jpg,/produkte,/lp/B0FPXFBL13,https://www.amazon.de/gp/product/B0FPXFBL13?smid=A3JWKAKR8XB7XF&th=1&linkCode=ll2&tag=freebasics-21&linkId=06fcb046b24b9cd38f1784f7219533ca&ref_=as_li_ss_tl,,ready,2026-07-19T16:06:02.177732,2026-07-19T16:06:02.177744
ART_B0FPXDCDX2,B0FPXDCDX2,LEGO Editions Kylian Mbappé Fußball-Highlights Spielzeug 3D Modellbau mit Minifigur,lego-editions-kylian-mbapp-fu-ball-highlights-spielzeug-3d-modellbau-mit-minifigur,Bauspielzeugsets,,"
    <p><strong>Werbung / Anzeige:</strong>
    Diese Seite enthält Affiliate-Links.</p>

    <h2>LEGO Editions Kylian Mbappé Fußball-Highlights Spielzeug 3D Modellbau mit Minifigur</h2>

    <p>
    Hier finden Sie Informationen zu
    LEGO Editions Kylian Mbappé Fußball-Highlights Spielzeug 3D Modellbau mit Minifigur und wichtigen Eigenschaften
    dieses Produkts.
    </p>

    <p>
    Weitere Informationen und passende
    Angebote finden Sie auf der
    Produktseite.
    </p>
    ",LEGO Editions Kylian Mbappé Fußball-Highlights Spielzeug 3D Modellbau mit Minifigur | Free Basics,Informationen zu LEGO Editions Kylian Mbappé Fußball-Highlights Spielzeug 3D Modellbau mit Minifigur.,/content/drive/MyDrive/AI_Agent/bilder/produkte/amazon/B0FPXDCDX2_original.jpg,/produkte,/lp/B0FPXDCDX2,https://www.amazon.de/gp/product/B0FPXDCDX2?smid=A3JWKAKR8XB7XF&th=1&linkCode=ll2&tag=freebasics-21&linkId=5af01d4132de4d9c81c7b720665a5974&ref_=as_li_ss_tl,,ready,2026-07-19T16:06:02.886779,2026-07-19T16:06:02.886792
ART_B0FPXGJL6H,B0FPXGJL6H,LEGO Editions Cristiano Ronaldo Fußball-Highlights Spielzeug 3D Modellbau mit Minifigur,lego-editions-cristiano-ronaldo-fu-ball-highlights-spielzeug-3d-modellbau-mit-minifigur,Bauspielzeugsets,,"
    <p><strong>Werbung / Anzeige:</strong>
    Diese Seite enthält Affiliate-Links.</p>

    <h2>LEGO Editions Cristiano Ronaldo Fußball-Highlights Spielzeug 3D Modellbau mit Minifigur</h2>

    <p>
    Hier finden Sie Informationen zu
    LEGO Editions Cristiano Ronaldo Fußball-Highlights Spielzeug 3D Modellbau mit Minifigur und wichtigen Eigenschaften
    dieses Produkts.
    </p>

    <p>
    Weitere Informationen und passende
    Angebote finden Sie auf der
    Produktseite.
    </p>
    ",LEGO Editions Cristiano Ronaldo Fußball-Highlights Spielzeug 3D Modellbau mit Minifigur | Free Basics,Informationen zu LEGO Editions Cristiano Ronaldo Fußball-Highlights Spielzeug 3D Modellbau mit Minifigur.,/content/drive/MyDrive/AI_Agent/bilder/produkte/amazon/B0FPXGJL6H_original.jpg,/produkte,/lp/B0FPXGJL6H,https://www.amazon.de/gp/product/B0FPXGJL6H?smid=A3JWKAKR8XB7XF&th=1&linkCode=ll2&tag=freebasics-21&linkId=38c487ba09e0fd7845e695ad0cd319e7&ref_=as_li_ss_tl,,ready,2026-07-19T16:06:03.132866,2026-07-19T16:06:03.132879
ART_B0FPXDRR63,B0FPXDRR63,LEGO Editions Sports Offizieller Pokal der FIFA Fußball-Weltmeisterschaft 3D DIY Modell mit Minifigur 43020,lego-editions-sports-offizieller-pokal-der-fifa-fu-ball-weltmeisterschaft-3d-diy-modell-mit-minifigur-43020,Bauspielzeugsets,,"
    <p><strong>Werbung / Anzeige:</strong>
    Diese Seite enthält Affiliate-Links.</p>

    <h2>LEGO Editions Sports Offizieller Pokal der FIFA Fußball-Weltmeisterschaft 3D DIY Modell mit Minifigur 43020</h2>

    <p>
    Hier finden Sie Informationen zu
    LEGO Editions Sports Offizieller Pokal der FIFA Fußball-Weltmeisterschaft 3D DIY Modell mit Minifigur 43020 und wichtigen Eigenschaften
    dieses Produkts.
    </p>

    <p>
    Weitere Informationen und passende
    Angebote finden Sie auf der
    Produktseite.
    </p>
    ",LEGO Editions Sports Offizieller Pokal der FIFA Fußball-Weltmeisterschaft 3D DIY Modell mit Minifigur 43020 | Free Basics,Informationen zu LEGO Editions Sports Offizieller Pokal der FIFA Fußball-Weltmeisterschaft 3D DIY Modell mit Minifigur 43020.,/content/drive/MyDrive/AI_Agent/bilder/produkte/amazon/B0FPXDRR63_original.jpg,/produkte,/lp/B0FPXDRR63,https://www.amazon.de/gp/product/B0FPXDRR63?smid=A3JWKAKR8XB7XF&th=1&linkCode=ll2&tag=freebasics-21&linkId=0a52b5924b86de2297fba57c9ae1b02b&ref_=as_li_ss_tl,,ready,2026-07-19T16:06:03.383285,2026-07-19T16:06:03.383298
ART_3424631078,3424631078,Das Kind in dir muss Heimat finden Der Schlüssel zur Lösung fast aller Probleme,das-kind-in-dir-muss-heimat-finden-der-schl-ssel-zur-l-sung-fast-aller-probleme,Bücher - Psychologie & Persönlichkeitsentwicklung,,"
    <p><strong>Werbung / Anzeige:</strong>
    Diese Seite enthält Affiliate-Links.</p>

    <h2>Das Kind in dir muss Heimat finden Der Schlüssel zur Lösung fast aller Probleme</h2>

    <p>
    Hier finden Sie Informationen zu
    Das Kind in dir muss Heimat finden Der Schlüssel zur Lösung fast aller Probleme und wichtigen Eigenschaften
    dieses Produkts.
    </p>

    <p>
    Weitere Informationen und passende
    Angebote finden Sie auf der
    Produktseite.
    </p>
    ",Das Kind in dir muss Heimat finden Der Schlüssel zur Lösung fast aller Probleme | Free Basics,Informationen zu Das Kind in dir muss Heimat finden Der Schlüssel zur Lösung fast aller Probleme.,/content/drive/MyDrive/AI_Agent/bilder/produkte/amazon/3424631078_original.jpg,/produkte,/lp/3424631078,https://www.amazon.de/gp/product/3424631078?smid=A1JC316NLNMF97&psc=1&linkCode=ll2&tag=freebasics-21&linkId=3230f2a54418561cda1437a62636751a&ref_=as_li_ss_tl,,ready,2026-07-19T16:06:03.638022,2026-07-19T16:06:03.638035
ART_B0FNX7HC9M,B0FNX7HC9M,Sebastian Fitzek Thriller-Bundle Der Augensammler und Der Augenjäger Bestseller-Psychothriller im Set,sebastian-fitzek-thriller-bundle-der-augensammler-und-der-augenj-ger-bestseller-psychothriller-im-set,Bücher - Psychothriller,,"
    <p><strong>Werbung / Anzeige:</strong>
    Diese Seite enthält Affiliate-Links.</p>

    <h2>Sebastian Fitzek Thriller-Bundle Der Augensammler und Der Augenjäger Bestseller-Psychothriller im Set</h2>

    <p>
    Hier finden Sie Informationen zu
    Sebastian Fitzek Thriller-Bundle Der Augensammler und Der Augenjäger Bestseller-Psychothriller im Set und wichtigen Eigenschaften
    dieses Produkts.
    </p>

    <p>
    Weitere Informationen und passende
    Angebote finden Sie auf der
    Produktseite.
    </p>
    ",Sebastian Fitzek Thriller-Bundle Der Augensammler und Der Augenjäger Bestseller-Psychothriller im Set | Free Basics,Informationen zu Sebastian Fitzek Thriller-Bundle Der Augensammler und Der Augenjäger Bestseller-Psychothriller im Set.,/content/drive/MyDrive/AI_Agent/bilder/produkte/amazon/B0FNX7HC9M_original.jpg,/produkte,/lp/B0FNX7HC9M,https://www.amazon.de/gp/product/B0FNX7HC9M?smid=AL5JXES37EDG7&psc=1&linkCode=ll2&tag=freebasics-21&linkId=411dad09febceb05b8d53957ad711075&ref_=as_li_ss_tl,,ready,2026-07-19T16:06:03.876909,2026-07-19T16:06:03.876923
ART_3423209690,3423209690,Das Café am Rande der Welt Eine Erzählung über den Sinn des Lebens,das-caf-am-rande-der-welt-eine-erz-hlung-ber-den-sinn-des-lebens,Bücher - Persönlichkeitsentwicklung & Lebenshilfe,,"
    <p><strong>Werbung / Anzeige:</strong>
    Diese Seite enthält Affiliate-Links.</p>

    <h2>Das Café am Rande der Welt Eine Erzählung über den Sinn des Lebens</h2>

    <p>
    Hier finden Sie Informationen zu
    Das Café am Rande der Welt Eine Erzählung über den Sinn des Lebens und wichtigen Eigenschaften
    dieses Produkts.
    </p>

    <p>
    Weitere Informationen und passende
    Angebote finden Sie auf der
    Produktseite.
    </p>
    ",Das Café am Rande der Welt Eine Erzählung über den Sinn des Lebens | Free Basics,Informationen zu Das Café am Rande der Welt Eine Erzählung über den Sinn des Lebens.,/content/drive/MyDrive/AI_Agent/bilder/produkte/amazon/3423209690_original.jpg,/produkte,/lp/3423209690,https://www.amazon.de/gp/product/3423209690?smid=A3JWKAKR8XB7XF&psc=1&linkCode=ll2&tag=freebasics-21&linkId=79007b57baece76e191e2663d00af73c&ref_=as_li_ss_tl,,ready,2026-07-19T16:06:04.103194,2026-07-19T16:06:04.103207
ART_3832167242,3832167242,22 Bahnen Roman Lieblingsbuch 2023,22-bahnen-roman-lieblingsbuch-2023,Bücher - Roman & Gegenwartsliteratur,,"
    <p><strong>Werbung / Anzeige:</strong>
    Diese Seite enthält Affiliate-Links.</p>

    <h2>22 Bahnen Roman Lieblingsbuch 2023</h2>

    <p>
    Hier finden Sie Informationen zu
    22 Bahnen Roman Lieblingsbuch 2023 und wichtigen Eigenschaften
    dieses Produkts.
    </p>

    <p>
    Weitere Informationen und passende
    Angebote finden Sie auf der
    Produktseite.
    </p>
    ",22 Bahnen Roman Lieblingsbuch 2023 | Free Basics,Informationen zu 22 Bahnen Roman Lieblingsbuch 2023.,/content/drive/MyDrive/AI_Agent/bilder/produkte/amazon/3832167242_original.jpg,/produkte,/lp/3832167242,https://www.amazon.de/gp/product/3832167242?smid=A3JWKAKR8XB7XF&psc=1&linkCode=ll2&tag=freebasics-21&linkId=6b3e47793fe11a33da23977f37721e53&ref_=as_li_ss_tl,,ready,2026-07-19T16:06:04.334304,2026-07-19T16:06:04.334317
ART_3426281759,3426281759,Der Nachbar Psychothriller,der-nachbar-psychothriller,Bücher - Psychothriller,,"
    <p><strong>Werbung / Anzeige:</strong>
    Diese Seite enthält Affiliate-Links.</p>

    <h2>Der Nachbar Psychothriller</h2>

    <p>
    Hier finden Sie Informationen zu
    Der Nachbar Psychothriller und wichtigen Eigenschaften
    dieses Produkts.
    </p>

    <p>
    Weitere Informationen und passende
    Angebote finden Sie auf der
    Produktseite.
    </p>
    ",Der Nachbar Psychothriller | Free Basics,Informationen zu Der Nachbar Psychothriller.,/content/drive/MyDrive/AI_Agent/bilder/produkte/amazon/3426281759_original.jpg,/produkte,/lp/3426281759,https://www.amazon.de/gp/product/3426281759?smid=AQJOK2ISQB5Q5&psc=1&linkCode=ll2&tag=freebasics-21&linkId=d964d6eb9b49e87def7735dbf9b7913c&ref_=as_li_ss_tl,,ready,2026-07-19T16:06:04.569456,2026-07-19T16:06:04.569469
ART_B0DXLBZF4Q,B0DXLBZF4Q,PHILIPS OneBlade 360 Face & Body Elektrischer Rasierer Trimmer und Bodygroomer QP2824/31,philips-oneblade-360-face-body-elektrischer-rasierer-trimmer-und-bodygroomer-qp2824-31,Körperpflege & Elektrorasierer,,"
    <p><strong>Werbung / Anzeige:</strong>
    Diese Seite enthält Affiliate-Links.</p>

    <h2>PHILIPS OneBlade 360 Face & Body Elektrischer Rasierer Trimmer und Bodygroomer QP2824/31</h2>

    <p>
    Hier finden Sie Informationen zu
    PHILIPS OneBlade 360 Face & Body Elektrischer Rasierer Trimmer und Bodygroomer QP2824/31 und wichtigen Eigenschaften
    dieses Produkts.
    </p>

    <p>
    Weitere Informationen und passende
    Angebote finden Sie auf der
    Produktseite.
    </p>
    ",PHILIPS OneBlade 360 Face & Body Elektrischer Rasierer Trimmer und Bodygroomer QP2824/31 | Free Basics,Informationen zu PHILIPS OneBlade 360 Face & Body Elektrischer Rasierer Trimmer und Bodygroomer QP2824/31.,/content/drive/MyDrive/AI_Agent/bilder/produkte/amazon/B0DXLBZF4Q_original.jpg,/produkte,/lp/B0DXLBZF4Q,https://www.amazon.de/gp/product/B0DXLBZF4Q?smid=A3JWKAKR8XB7XF&psc=1&linkCode=ll2&tag=freebasics-21&linkId=7d4e32a08a825498bee7382c530296e8&ref_=as_li_ss_tl,,ready,2026-07-19T16:06:04.798435,2026-07-19T16:06:04.798448
ART_B0CVXSK4D3,B0CVXSK4D3,Philips OneBlade Original 360-Klingen passend für alle OneBlade und Pro Modelle 4er-Pack QP440/50,philips-oneblade-original-360-klingen-passend-f-r-alle-oneblade-und-pro-modelle-4er-pack-qp440-50,Rasierklingen & Zubehör,,"
    <p><strong>Werbung / Anzeige:</strong>
    Diese Seite enthält Affiliate-Links.</p>

    <h2>Philips OneBlade Original 360-Klingen passend für alle OneBlade und Pro Modelle 4er-Pack QP440/50</h2>

    <p>
    Hier finden Sie Informationen zu
    Philips OneBlade Original 360-Klingen passend für alle OneBlade und Pro Modelle 4er-Pack QP440/50 und wichtigen Eigenschaften
    dieses Produkts.
    </p>

    <p>
    Weitere Informationen und passende
    Angebote finden Sie auf der
    Produktseite.
    </p>
    ",Philips OneBlade Original 360-Klingen passend für alle OneBlade und Pro Modelle 4er-Pack QP440/50 | Free Basics,Informationen zu Philips OneBlade Original 360-Klingen passend für alle OneBlade und Pro Modelle 4er-Pack QP440/50.,/content/drive/MyDrive/AI_Agent/bilder/produkte/amazon/B0CVXSK4D3_original.jpg,/produkte,/lp/B0CVXSK4D3,https://www.amazon.de/gp/product/B0CVXSK4D3?smid=A3JWKAKR8XB7XF&psc=1&linkCode=ll2&tag=freebasics-21&linkId=2febca87ab6dce8c73180e79c99357a6&ref_=as_li_ss_tl,,ready,2026-07-19T16:06:05.043949,2026-07-19T16:06:05.043962
ART_B08P4YPB8Q,B08P4YPB8Q,"Maybelline New York Sky High Mascara für extreme Länge und volles Volumen Very Black 7,2 ml",maybelline-new-york-sky-high-mascara-f-r-extreme-l-nge-und-volles-volumen-very-black-7-2-ml,Kosmetik - Wimperntusche,,"
    <p><strong>Werbung / Anzeige:</strong>
    Diese Seite enthält Affiliate-Links.</p>

    <h2>Maybelline New York Sky High Mascara für extreme Länge und volles Volumen Very Black 7,2 ml</h2>

    <p>
    Hier finden Sie Informationen zu
    Maybelline New York Sky High Mascara für extreme Länge und volles Volumen Very Black 7,2 ml und wichtigen Eigenschaften
    dieses Produkts.
    </p>

    <p>
    Weitere Informationen und passende
    Angebote finden Sie auf der
    Produktseite.
    </p>
    ","Maybelline New York Sky High Mascara für extreme Länge und volles Volumen Very Black 7,2 ml | Free Basics","Informationen zu Maybelline New York Sky High Mascara für extreme Länge und volles Volumen Very Black 7,2 ml.",/content/drive/MyDrive/AI_Agent/bilder/produkte/amazon/B08P4YPB8Q_original.jpg,/produkte,/lp/B08P4YPB8Q,https://www.amazon.de/gp/product/B08P4YPB8Q?smid=ALAJG0TLJF7AF&th=1&linkCode=ll2&tag=freebasics-21&linkId=b596d267acc19dfded98b049ca2e358c&ref_=as_li_ss_tl,,ready,2026-07-19T16:06:05.281005,2026-07-19T16:06:05.281019
ART_B0FMS3V43J,B0FMS3V43J,SUNDAY NATURAL Magnesium Komplex 240 Kapseln 400mg Magnesium aus 7 Verbindungen,sunday-natural-magnesium-komplex-240-kapseln-400mg-magnesium-aus-7-verbindungen,Nahrungsergänzung - Magnesium,,"
    <p><strong>Werbung / Anzeige:</strong>
    Diese Seite enthält Affiliate-Links.</p>

    <h2>SUNDAY NATURAL Magnesium Komplex 240 Kapseln 400mg Magnesium aus 7 Verbindungen</h2>

    <p>
    Hier finden Sie Informationen zu
    SUNDAY NATURAL Magnesium Komplex 240 Kapseln 400mg Magnesium aus 7 Verbindungen und wichtigen Eigenschaften
    dieses Produkts.
    </p>

    <p>
    Weitere Informationen und passende
    Angebote finden Sie auf der
    Produktseite.
    </p>
    ",SUNDAY NATURAL Magnesium Komplex 240 Kapseln 400mg Magnesium aus 7 Verbindungen | Free Basics,Informationen zu SUNDAY NATURAL Magnesium Komplex 240 Kapseln 400mg Magnesium aus 7 Verbindungen.,/content/drive/MyDrive/AI_Agent/bilder/produkte/amazon/B0FMS3V43J_original.jpg,/produkte,/lp/B0FMS3V43J,https://www.amazon.de/gp/product/B0FMS3V43J?smid=A1KKPIBTTVQSPQ&psc=1&linkCode=ll2&tag=freebasics-21&linkId=32623354b1c45bca2728d97a7e1aee82&ref_=as_li_ss_tl,,ready,2026-07-19T16:06:05.511840,2026-07-19T16:06:05.511853
ART_B0D1YKBX82,B0D1YKBX82,Die Off-Campus-Reihe im neuen Look Band 1-5 plus exklusives Postkartenset,die-off-campus-reihe-im-neuen-look-band-1-5-plus-exklusives-postkartenset,Bücher - Liebesromane / New Adult,,"
    <p><strong>Werbung / Anzeige:</strong>
    Diese Seite enthält Affiliate-Links.</p>

    <h2>Die Off-Campus-Reihe im neuen Look Band 1-5 plus exklusives Postkartenset</h2>

    <p>
    Hier finden Sie Informationen zu
    Die Off-Campus-Reihe im neuen Look Band 1-5 plus exklusives Postkartenset und wichtigen Eigenschaften
    dieses Produkts.
    </p>

    <p>
    Weitere Informationen und passende
    Angebote finden Sie auf der
    Produktseite.
    </p>
    ",Die Off-Campus-Reihe im neuen Look Band 1-5 plus exklusives Postkartenset | Free Basics,Informationen zu Die Off-Campus-Reihe im neuen Look Band 1-5 plus exklusives Postkartenset.,/content/drive/MyDrive/AI_Agent/bilder/produkte/amazon/B0D1YKBX82_original.jpg,/produkte,/lp/B0D1YKBX82,https://www.amazon.de/Off-Campus-Reihe-neuen-Look-exklusives-Postkartenset/dp/B0D1YKBX82?pd_rd_w=xylrd&content-id=amzn1.sym.2773ee31-e1d7-4b66-89a3-82d27d16ebdc&pf_rd_p=2773ee31-e1d7-4b66-89a3-82d27d16ebdc&pf_rd_r=F1QVTK61EB04BBPR6N0F&pd_rd_wg=PITh0&pd_rd_r=50058732-d05a-4c21-b3a9-6fa7140cd969&pd_rd_i=B0D1YKBX82&psc=1&linkCode=ll2&tag=freebasics-21&linkId=4ac87f6407fab4d74ef588cbc2dd89c0&ref_=as_li_ss_tl,,ready,2026-07-19T16:06:05.741734,2026-07-19T16:06:05.741748
ART_TEL_001,TEL_001,MagentaTV,magentatv,telekom,,"
    <p><strong>Werbung / Anzeige:</strong>
    Diese Seite enthält Affiliate-Links.</p>

    <h2>MagentaTV</h2>

    <p>
    Hier finden Sie Informationen zu
    MagentaTV und wichtigen Eigenschaften
    dieses Produkts.
    </p>

    <p>
    Weitere Informationen und passende
    Angebote finden Sie auf der
    Produktseite.
    </p>
    ",MagentaTV | Free Basics,Informationen zu MagentaTV.,,/produkte,/lp/TEL_001,https://free-basics.telekom-profis.de,,ready,2026-07-19T16:06:05.985324,2026-07-19T16:06:05.985337
ART_TEL_002,TEL_002,Glasfaser,glasfaser,telekom,,"
    <p><strong>Werbung / Anzeige:</strong>
    Diese Seite enthält Affiliate-Links.</p>

    <h2>Glasfaser</h2>

    <p>
    Hier finden Sie Informationen zu
    Glasfaser und wichtigen Eigenschaften
    dieses Produkts.
    </p>

    <p>
    Weitere Informationen und passende
    Angebote finden Sie auf der
    Produktseite.
    </p>
    ",Glasfaser | Free Basics,Informationen zu Glasfaser.,,/produkte,/lp/TEL_002,https://free-basics.telekom-profis.de,,ready,2026-07-19T16:06:06.238510,2026-07-19T16:06:06.238523
ART_TEL_003,TEL_003,MagentaZuhause,magentazuhause,telekom,,"
    <p><strong>Werbung / Anzeige:</strong>
    Diese Seite enthält Affiliate-Links.</p>

    <h2>MagentaZuhause</h2>

    <p>
    Hier finden Sie Informationen zu
    MagentaZuhause und wichtigen Eigenschaften
    dieses Produkts.
    </p>

    <p>
    Weitere Informationen und passende
    Angebote finden Sie auf der
    Produktseite.
    </p>
    ",MagentaZuhause | Free Basics,Informationen zu MagentaZuhause.,,/produkte,/lp/TEL_003,https://free-basics.telekom-profis.de,,ready,2026-07-19T16:06:06.474933,2026-07-19T16:06:06.474949
ART_TEL_004,TEL_004,MagentaMobil,magentamobil,telekom,,"
    <p><strong>Werbung / Anzeige:</strong>
    Diese Seite enthält Affiliate-Links.</p>

    <h2>MagentaMobil</h2>

    <p>
    Hier finden Sie Informationen zu
    MagentaMobil und wichtigen Eigenschaften
    dieses Produkts.
    </p>

    <p>
    Weitere Informationen und passende
    Angebote finden Sie auf der
    Produktseite.
    </p>
    ",MagentaMobil | Free Basics,Informationen zu MagentaMobil.,,/produkte,/lp/TEL_004,https://free-basics.telekom-profis.de,,ready,2026-07-19T16:06:06.707408,2026-07-19T16:06:06.707461
ART_TEL_005,TEL_005,MagentaMobil Young,magentamobil-young,telekom,,"
    <p><strong>Werbung / Anzeige:</strong>
    Diese Seite enthält Affiliate-Links.</p>

    <h2>MagentaMobil Young</h2>

    <p>
    Hier finden Sie Informationen zu
    MagentaMobil Young und wichtigen Eigenschaften
    dieses Produkts.
    </p>

    <p>
    Weitere Informationen und passende
    Angebote finden Sie auf der
    Produktseite.
    </p>
    ",MagentaMobil Young | Free Basics,Informationen zu MagentaMobil Young.,,/produkte,/lp/TEL_005,https://free-basics.telekom-profis.de,,ready,2026-07-19T16:06:06.949738,2026-07-19T16:06:06.949752
ART_TEL_006,TEL_006,MagentaMobil Prepaid,magentamobil-prepaid,telekom,,"
    <p><strong>Werbung / Anzeige:</strong>
    Diese Seite enthält Affiliate-Links.</p>

    <h2>MagentaMobil Prepaid</h2>

    <p>
    Hier finden Sie Informationen zu
    MagentaMobil Prepaid und wichtigen Eigenschaften
    dieses Produkts.
    </p>

    <p>
    Weitere Informationen und passende
    Angebote finden Sie auf der
    Produktseite.
    </p>
    ",MagentaMobil Prepaid | Free Basics,Informationen zu MagentaMobil Prepaid.,,/produkte,/lp/TEL_006,https://free-basics.telekom-profis.de,,ready,2026-07-19T16:06:07.184929,2026-07-19T16:06:07.184942
ART_TEL_007,TEL_007,congstar Allnet,congstar-allnet,telekom,,"
    <p><strong>Werbung / Anzeige:</strong>
    Diese Seite enthält Affiliate-Links.</p>

    <h2>congstar Allnet</h2>

    <p>
    Hier finden Sie Informationen zu
    congstar Allnet und wichtigen Eigenschaften
    dieses Produkts.
    </p>

    <p>
    Weitere Informationen und passende
    Angebote finden Sie auf der
    Produktseite.
    </p>
    ",congstar Allnet | Free Basics,Informationen zu congstar Allnet.,,/produkte,/lp/TEL_007,https://free-basics.telekom-profis.de,,ready,2026-07-19T16:06:07.447423,2026-07-19T16:06:07.447439
ART_TEL_008,TEL_008,congstar Homespot,congstar-homespot,telekom,,"
    <p><strong>Werbung / Anzeige:</strong>
    Diese Seite enthält Affiliate-Links.</p>

    <h2>congstar Homespot</h2>

    <p>
    Hier finden Sie Informationen zu
    congstar Homespot und wichtigen Eigenschaften
    dieses Produkts.
    </p>

    <p>
    Weitere Informationen und passende
    Angebote finden Sie auf der
    Produktseite.
    </p>
    ",congstar Homespot | Free Basics,Informationen zu congstar Homespot.,,/produkte,/lp/TEL_008,https://free-basics.telekom-profis.de,,ready,2026-07-19T16:06:07.742897,2026-07-19T16:06:07.742911
ART_TEL_009,TEL_009,TV + Internet + Festnetz,tv-internet-festnetz,telekom,,"
    <p><strong>Werbung / Anzeige:</strong>
    Diese Seite enthält Affiliate-Links.</p>

    <h2>TV + Internet + Festnetz</h2>

    <p>
    Hier finden Sie Informationen zu
    TV + Internet + Festnetz und wichtigen Eigenschaften
    dieses Produkts.
    </p>

    <p>
    Weitere Informationen und passende
    Angebote finden Sie auf der
    Produktseite.
    </p>
    ",TV + Internet + Festnetz | Free Basics,Informationen zu TV + Internet + Festnetz.,,/produkte,/lp/TEL_009,https://free-basics.telekom-profis.de,,ready,2026-07-19T16:06:08.000909,2026-07-19T16:06:08.000925
ART_TEL_010,TEL_010,Datentarife,datentarife,telekom,,"
    <p><strong>Werbung / Anzeige:</strong>
    Diese Seite enthält Affiliate-Links.</p>

    <h2>Datentarife</h2>

    <p>
    Hier finden Sie Informationen zu
    Datentarife und wichtigen Eigenschaften
    dieses Produkts.
    </p>

    <p>
    Weitere Informationen und passende
    Angebote finden Sie auf der
    Produktseite.
    </p>
    ",Datentarife | Free Basics,Informationen zu Datentarife.,,/produkte,/lp/TEL_010,https://free-basics.telekom-profis.de,,ready,2026-07-19T16:06:08.290693,2026-07-19T16:06:08.290707
