event_id,campaign_id,subscriber_id,event_type,timestamp,source
58fde997-e8f9-4a9a-97bc-28d7dbe5754a,dafa848d-6c6b-4f2c-b3df-836dc75f26c0,2c98b803-e0c5-4c17-8353-df839bf961cf,SENT,2026-07-30T16:59:59.604753+00:00,newsletter
ac4492e0-a8ee-499c-9bb2-bafc42e04f2a,dafa848d-6c6b-4f2c-b3df-836dc75f26c0,2c98b803-e0c5-4c17-8353-df839bf961cf,OPENED,2026-07-30T17:00:00.966884+00:00,newsletter
e8b1072a-8e7b-4016-b3c8-35b13899a604,dafa848d-6c6b-4f2c-b3df-836dc75f26c0,2c98b803-e0c5-4c17-8353-df839bf961cf,CLICKED,2026-07-30T17:00:02.293996+00:00,newsletter
fccea23c-b844-477e-94ee-829bb5619503,dafa848d-6c6b-4f2c-b3df-836dc75f26c0,2c98b803-e0c5-4c17-8353-df839bf961cf,VISITED_LANDINGPAGE,2026-07-30T17:00:04.091617+00:00,newsletter
ff2000ab-22b6-4121-bc3a-5c0ee23bd253,dafa848d-6c6b-4f2c-b3df-836dc75f26c0,2c98b803-e0c5-4c17-8353-df839bf961cf,SENT,2026-07-30T17:04:20.677482+00:00,newsletter
05fe008a-9fca-4c3f-b15e-ad738e528fc5,TEST_CAMPAIGN_001,TEST_USER_001,DOI_CONFIRMED,2026-08-02T19:41:26.154273+00:00,audit
aad10de6-05e4-4c65-a37a-504dea6a4d3f,TEST_CAMPAIGN_001,TEST_USER_001,OPEN,2026-08-02T19:41:27.017543+00:00,audit
3f9fd817-c472-46c4-bab1-cb999b86ad8f,TEST_CAMPAIGN_001,TEST_USER_001,CLICK,2026-08-02T19:41:28.764476+00:00,audit
71166bf8-8adf-4ee0-bf3b-60ca26392c74,TEST_CAMPAIGN_001,TEST_USER_001,UNSUBSCRIBE,2026-08-02T19:41:29.587113+00:00,audit
