"entity","topic","layer","source_signal","ai_understanding"
,"ALLGEMEIN","KNOWLEDGE","INTERNAL","CONNECTED"
,"ALLGEMEIN","KNOWLEDGE","INTERNAL","CONNECTED"
,"ALLGEMEIN","KNOWLEDGE","INTERNAL","CONNECTED"
,"ALLGEMEIN","KNOWLEDGE","INTERNAL","CONNECTED"
,"ALLGEMEIN","KNOWLEDGE","INTERNAL","CONNECTED"
,"ALLGEMEIN","KNOWLEDGE","INTERNAL","CONNECTED"
,"ALLGEMEIN","KNOWLEDGE","INTERNAL","CONNECTED"
,"ALLGEMEIN","KNOWLEDGE","INTERNAL","CONNECTED"
,"ALLGEMEIN","KNOWLEDGE","INTERNAL","CONNECTED"
,"KOCHEN","KNOWLEDGE","INTERNAL","CONNECTED"
,"ALLGEMEIN","KNOWLEDGE","INTERNAL","CONNECTED"
,"ALLGEMEIN","KNOWLEDGE","INTERNAL","CONNECTED"
,"ALLGEMEIN","KNOWLEDGE","INTERNAL","CONNECTED"
,"KOCHEN","KNOWLEDGE","INTERNAL","CONNECTED"
,"BACKEN","KNOWLEDGE","INTERNAL","CONNECTED"
,"ALLGEMEIN","KNOWLEDGE","INTERNAL","CONNECTED"
,"KOCHEN","KNOWLEDGE","INTERNAL","CONNECTED"
,"MAGAZIN","KNOWLEDGE","INTERNAL","CONNECTED"
,"KOCHEN","KNOWLEDGE","INTERNAL","CONNECTED"
,"KOCHEN","KNOWLEDGE","INTERNAL","CONNECTED"
,"KOCHEN","KNOWLEDGE","INTERNAL","CONNECTED"
,"KOCHEN","KNOWLEDGE","INTERNAL","CONNECTED"
,"KOCHEN","KNOWLEDGE","INTERNAL","CONNECTED"
,"COMMUNITY","KNOWLEDGE","INTERNAL","CONNECTED"
,"COMMUNITY","KNOWLEDGE","INTERNAL","CONNECTED"
,"COMMUNITY","KNOWLEDGE","INTERNAL","CONNECTED"
,"MAGAZIN","KNOWLEDGE","INTERNAL","CONNECTED"
,"MAGAZIN","KNOWLEDGE","INTERNAL","CONNECTED"
,"MAGAZIN","KNOWLEDGE","INTERNAL","CONNECTED"
,"ERNÄHRUNG","KNOWLEDGE","INTERNAL","CONNECTED"
,"MAGAZIN","KNOWLEDGE","INTERNAL","CONNECTED"
,"BACKEN","KNOWLEDGE","INTERNAL","CONNECTED"
,"GESUNDHEIT","KNOWLEDGE","INTERNAL","CONNECTED"
,"MAGAZIN","KNOWLEDGE","INTERNAL","CONNECTED"
,"MAGAZIN","KNOWLEDGE","INTERNAL","CONNECTED"
,"ALLGEMEIN","KNOWLEDGE","INTERNAL","CONNECTED"
,"MAGAZIN","KNOWLEDGE","INTERNAL","CONNECTED"
,"MAGAZIN","KNOWLEDGE","INTERNAL","CONNECTED"
,"ALLGEMEIN","KNOWLEDGE","INTERNAL","CONNECTED"
,"GESUNDHEIT","KNOWLEDGE","INTERNAL","CONNECTED"
,"MAGAZIN","KNOWLEDGE","INTERNAL","CONNECTED"
,"MAGAZIN","KNOWLEDGE","INTERNAL","CONNECTED"
,"MAGAZIN","KNOWLEDGE","INTERNAL","CONNECTED"
,"BACKEN","KNOWLEDGE","INTERNAL","CONNECTED"
,"MAGAZIN","KNOWLEDGE","INTERNAL","CONNECTED"
,"BACKEN","KNOWLEDGE","INTERNAL","CONNECTED"
,"MAGAZIN","KNOWLEDGE","INTERNAL","CONNECTED"
,"MAGAZIN","KNOWLEDGE","INTERNAL","CONNECTED"
,"MAGAZIN","KNOWLEDGE","INTERNAL","CONNECTED"
,"ERNÄHRUNG","KNOWLEDGE","INTERNAL","CONNECTED"
,"COMMUNITY","KNOWLEDGE","INTERNAL","CONNECTED"
,"COMMUNITY","KNOWLEDGE","INTERNAL","CONNECTED"
,"COMMUNITY","KNOWLEDGE","INTERNAL","CONNECTED"
,"BACKEN","KNOWLEDGE","INTERNAL","CONNECTED"
,"COMMUNITY","KNOWLEDGE","INTERNAL","CONNECTED"
,"COMMUNITY","KNOWLEDGE","INTERNAL","CONNECTED"
,"COMMUNITY","KNOWLEDGE","INTERNAL","CONNECTED"
,"ALLGEMEIN","KNOWLEDGE","INTERNAL","CONNECTED"
,"ALLGEMEIN","KNOWLEDGE","INTERNAL","CONNECTED"
,"MAGAZIN","KNOWLEDGE","INTERNAL","CONNECTED"
,"MAGAZIN","KNOWLEDGE","INTERNAL","CONNECTED"
,"MAGAZIN","KNOWLEDGE","INTERNAL","CONNECTED"
,"GESUNDHEIT","KNOWLEDGE","INTERNAL","CONNECTED"
,"KOCHEN","KNOWLEDGE","INTERNAL","CONNECTED"
,"MAGAZIN","KNOWLEDGE","INTERNAL","CONNECTED"
,"MAGAZIN","KNOWLEDGE","INTERNAL","CONNECTED"
,"MAGAZIN","KNOWLEDGE","INTERNAL","CONNECTED"
,"ALLGEMEIN","KNOWLEDGE","INTERNAL","CONNECTED"
,"ALLGEMEIN","KNOWLEDGE","INTERNAL","CONNECTED"
,"KOCHEN","KNOWLEDGE","INTERNAL","CONNECTED"
,"BACKEN","KNOWLEDGE","INTERNAL","CONNECTED"
,"ALLGEMEIN","KNOWLEDGE","INTERNAL","CONNECTED"
,"ALLGEMEIN","KNOWLEDGE","INTERNAL","CONNECTED"
,"KOCHEN","KNOWLEDGE","INTERNAL","CONNECTED"
,"KOCHEN","KNOWLEDGE","INTERNAL","CONNECTED"
,"KOCHEN","KNOWLEDGE","INTERNAL","CONNECTED"
,"KOCHEN","KNOWLEDGE","INTERNAL","CONNECTED"
,"MAGAZIN","KNOWLEDGE","INTERNAL","CONNECTED"
,"MAGAZIN","KNOWLEDGE","INTERNAL","CONNECTED"
,"KOCHEN","KNOWLEDGE","INTERNAL","CONNECTED"
,"MAGAZIN","KNOWLEDGE","INTERNAL","CONNECTED"
,"MAGAZIN","KNOWLEDGE","INTERNAL","CONNECTED"
,"MAGAZIN","KNOWLEDGE","INTERNAL","CONNECTED"
,"MAGAZIN","KNOWLEDGE","INTERNAL","CONNECTED"
,"MAGAZIN","KNOWLEDGE","INTERNAL","CONNECTED"
,"MAGAZIN","KNOWLEDGE","INTERNAL","CONNECTED"
,"MAGAZIN","KNOWLEDGE","INTERNAL","CONNECTED"
,"MAGAZIN","KNOWLEDGE","INTERNAL","CONNECTED"
,"MAGAZIN","KNOWLEDGE","INTERNAL","CONNECTED"
,"MAGAZIN","KNOWLEDGE","INTERNAL","CONNECTED"
,"MAGAZIN","KNOWLEDGE","INTERNAL","CONNECTED"
,"GESUNDHEIT","KNOWLEDGE","INTERNAL","CONNECTED"
,"MAGAZIN","KNOWLEDGE","INTERNAL","CONNECTED"
,"MAGAZIN","KNOWLEDGE","INTERNAL","CONNECTED"
,"MAGAZIN","KNOWLEDGE","INTERNAL","CONNECTED"
,"MAGAZIN","KNOWLEDGE","INTERNAL","CONNECTED"
,"ERNÄHRUNG","KNOWLEDGE","INTERNAL","CONNECTED"
,"MAGAZIN","KNOWLEDGE","INTERNAL","CONNECTED"
,"BACKEN","KNOWLEDGE","INTERNAL","CONNECTED"
,"GESUNDHEIT","KNOWLEDGE","INTERNAL","CONNECTED"
,"MAGAZIN","KNOWLEDGE","INTERNAL","CONNECTED"
,"MAGAZIN","KNOWLEDGE","INTERNAL","CONNECTED"
,"MAGAZIN","KNOWLEDGE","INTERNAL","CONNECTED"
,"MAGAZIN","KNOWLEDGE","INTERNAL","CONNECTED"
,"MAGAZIN","KNOWLEDGE","INTERNAL","CONNECTED"
,"MAGAZIN","KNOWLEDGE","INTERNAL","CONNECTED"
,"MAGAZIN","KNOWLEDGE","INTERNAL","CONNECTED"
,"GESUNDHEIT","KNOWLEDGE","INTERNAL","CONNECTED"
,"MAGAZIN","KNOWLEDGE","INTERNAL","CONNECTED"
,"MAGAZIN","KNOWLEDGE","INTERNAL","CONNECTED"
,"MAGAZIN","KNOWLEDGE","INTERNAL","CONNECTED"
,"ALLGEMEIN","KNOWLEDGE","INTERNAL","CONNECTED"
,"KOCHEN","KNOWLEDGE","INTERNAL","CONNECTED"
,"ALLGEMEIN","KNOWLEDGE","INTERNAL","CONNECTED"
,"ALLGEMEIN","KNOWLEDGE","INTERNAL","CONNECTED"
,"ALLGEMEIN","KNOWLEDGE","INTERNAL","CONNECTED"
,"ALLGEMEIN","KNOWLEDGE","INTERNAL","CONNECTED"
,"KOCHEN","KNOWLEDGE","INTERNAL","CONNECTED"
,"ALLGEMEIN","KNOWLEDGE","INTERNAL","CONNECTED"
,"ALLGEMEIN","KNOWLEDGE","INTERNAL","CONNECTED"
,"KOCHEN","KNOWLEDGE","INTERNAL","CONNECTED"
,"KOCHEN","KNOWLEDGE","INTERNAL","CONNECTED"
,"KOCHEN","KNOWLEDGE","INTERNAL","CONNECTED"
,"KOCHEN","KNOWLEDGE","INTERNAL","CONNECTED"
,"KOCHEN","KNOWLEDGE","INTERNAL","CONNECTED"
,"KOCHEN","KNOWLEDGE","INTERNAL","CONNECTED"
,"KOCHEN","KNOWLEDGE","INTERNAL","CONNECTED"
,"KOCHEN","KNOWLEDGE","INTERNAL","CONNECTED"
,"KOCHEN","KNOWLEDGE","INTERNAL","CONNECTED"
,"KOCHEN","KNOWLEDGE","INTERNAL","CONNECTED"
,"KOCHEN","KNOWLEDGE","INTERNAL","CONNECTED"
,"KOCHEN","KNOWLEDGE","INTERNAL","CONNECTED"
,"KOCHEN","KNOWLEDGE","INTERNAL","CONNECTED"
,"KOCHEN","KNOWLEDGE","INTERNAL","CONNECTED"
,"KOCHEN","KNOWLEDGE","INTERNAL","CONNECTED"
,"KOCHEN","KNOWLEDGE","INTERNAL","CONNECTED"
,"KOCHEN","KNOWLEDGE","INTERNAL","CONNECTED"
,"KOCHEN","KNOWLEDGE","INTERNAL","CONNECTED"
,"KOCHEN","KNOWLEDGE","INTERNAL","CONNECTED"
,"COMMUNITY","KNOWLEDGE","INTERNAL","CONNECTED"
,"ALLGEMEIN","KNOWLEDGE","INTERNAL","CONNECTED"
,"COMMUNITY","KNOWLEDGE","INTERNAL","CONNECTED"
,"ALLGEMEIN","KNOWLEDGE","INTERNAL","CONNECTED"
,"COMMUNITY","KNOWLEDGE","INTERNAL","CONNECTED"
,"COMMUNITY","KNOWLEDGE","INTERNAL","CONNECTED"
,"COMMUNITY","KNOWLEDGE","INTERNAL","CONNECTED"
,"COMMUNITY","KNOWLEDGE","INTERNAL","CONNECTED"
,"KOCHEN","KNOWLEDGE","INTERNAL","CONNECTED"
,"KOCHEN","KNOWLEDGE","INTERNAL","CONNECTED"
,"KOCHEN","KNOWLEDGE","INTERNAL","CONNECTED"
,"KOCHEN","KNOWLEDGE","INTERNAL","CONNECTED"
,"KOCHEN","KNOWLEDGE","INTERNAL","CONNECTED"
,"KOCHEN","KNOWLEDGE","INTERNAL","CONNECTED"
,"KOCHEN","KNOWLEDGE","INTERNAL","CONNECTED"
,"KOCHEN","KNOWLEDGE","INTERNAL","CONNECTED"
,"KOCHEN","KNOWLEDGE","INTERNAL","CONNECTED"
,"KOCHEN","KNOWLEDGE","INTERNAL","CONNECTED"
,"KOCHEN","KNOWLEDGE","INTERNAL","CONNECTED"
,"KOCHEN","KNOWLEDGE","INTERNAL","CONNECTED"
,"BACKEN","KNOWLEDGE","INTERNAL","CONNECTED"
,"MAGAZIN","KNOWLEDGE","INTERNAL","CONNECTED"
,"MAGAZIN","KNOWLEDGE","INTERNAL","CONNECTED"
,"MAGAZIN","KNOWLEDGE","INTERNAL","CONNECTED"
,"MAGAZIN","KNOWLEDGE","INTERNAL","CONNECTED"
,"MAGAZIN","KNOWLEDGE","INTERNAL","CONNECTED"
,"MAGAZIN","KNOWLEDGE","INTERNAL","CONNECTED"
,"MAGAZIN","KNOWLEDGE","INTERNAL","CONNECTED"
,"MAGAZIN","KNOWLEDGE","INTERNAL","CONNECTED"
,"MAGAZIN","KNOWLEDGE","INTERNAL","CONNECTED"
,"ERNÄHRUNG","KNOWLEDGE","INTERNAL","CONNECTED"
,"MAGAZIN","KNOWLEDGE","INTERNAL","CONNECTED"
,"MAGAZIN","KNOWLEDGE","INTERNAL","CONNECTED"
,"MAGAZIN","KNOWLEDGE","INTERNAL","CONNECTED"
,"MAGAZIN","KNOWLEDGE","INTERNAL","CONNECTED"
,"MAGAZIN","KNOWLEDGE","INTERNAL","CONNECTED"
,"MAGAZIN","KNOWLEDGE","INTERNAL","CONNECTED"
,"MAGAZIN","KNOWLEDGE","INTERNAL","CONNECTED"
,"MAGAZIN","KNOWLEDGE","INTERNAL","CONNECTED"
,"MAGAZIN","KNOWLEDGE","INTERNAL","CONNECTED"
,"KOCHEN","KNOWLEDGE","INTERNAL","CONNECTED"
,"KOCHEN","KNOWLEDGE","INTERNAL","CONNECTED"
,"KOCHEN","KNOWLEDGE","INTERNAL","CONNECTED"
,"KOCHEN","KNOWLEDGE","INTERNAL","CONNECTED"
,"KOCHEN","KNOWLEDGE","INTERNAL","CONNECTED"
,"KOCHEN","KNOWLEDGE","INTERNAL","CONNECTED"
,"KOCHEN","KNOWLEDGE","INTERNAL","CONNECTED"
,"KOCHEN","KNOWLEDGE","INTERNAL","CONNECTED"
,"KOCHEN","KNOWLEDGE","INTERNAL","CONNECTED"
,"KOCHEN","KNOWLEDGE","INTERNAL","CONNECTED"
,"KOCHEN","KNOWLEDGE","INTERNAL","CONNECTED"
,"ALLGEMEIN","KNOWLEDGE","INTERNAL","CONNECTED"
,"ALLGEMEIN","KNOWLEDGE","INTERNAL","CONNECTED"
,"ALLGEMEIN","KNOWLEDGE","INTERNAL","CONNECTED"
,"ALLGEMEIN","KNOWLEDGE","INTERNAL","CONNECTED"
,"ALLGEMEIN","KNOWLEDGE","INTERNAL","CONNECTED"
,"ALLGEMEIN","KNOWLEDGE","INTERNAL","CONNECTED"
,"ALLGEMEIN","KNOWLEDGE","INTERNAL","CONNECTED"
,"ALLGEMEIN","KNOWLEDGE","INTERNAL","CONNECTED"
,"ALLGEMEIN","KNOWLEDGE","INTERNAL","CONNECTED"
,"ALLGEMEIN","KNOWLEDGE","INTERNAL","CONNECTED"
,"ALLGEMEIN","KNOWLEDGE","INTERNAL","CONNECTED"
,"ALLGEMEIN","KNOWLEDGE","INTERNAL","CONNECTED"
,"ALLGEMEIN","KNOWLEDGE","INTERNAL","CONNECTED"
,"ALLGEMEIN","KNOWLEDGE","INTERNAL","CONNECTED"
,"ALLGEMEIN","KNOWLEDGE","INTERNAL","CONNECTED"
,"ALLGEMEIN","KNOWLEDGE","INTERNAL","CONNECTED"
,"KOCHEN","KNOWLEDGE","INTERNAL","CONNECTED"
,"KOCHEN","KNOWLEDGE","INTERNAL","CONNECTED"
,"BACKEN","KNOWLEDGE","INTERNAL","CONNECTED"
,"MAGAZIN","KNOWLEDGE","INTERNAL","CONNECTED"
,"COMMUNITY","KNOWLEDGE","INTERNAL","CONNECTED"
,"MAGAZIN","KNOWLEDGE","INTERNAL","CONNECTED"
,"ALLGEMEIN","KNOWLEDGE","INTERNAL","CONNECTED"
,"ALLGEMEIN","KNOWLEDGE","INTERNAL","CONNECTED"
,"ALLGEMEIN","KNOWLEDGE","INTERNAL","CONNECTED"
,"ALLGEMEIN","KNOWLEDGE","INTERNAL","CONNECTED"
,"ALLGEMEIN","KNOWLEDGE","INTERNAL","CONNECTED"
,"ALLGEMEIN","KNOWLEDGE","INTERNAL","CONNECTED"
,"ALLGEMEIN","KNOWLEDGE","INTERNAL","CONNECTED"
,"ALLGEMEIN","KNOWLEDGE","INTERNAL","CONNECTED"
,"ALLGEMEIN","KNOWLEDGE","INTERNAL","CONNECTED"
,"ALLGEMEIN","KNOWLEDGE","INTERNAL","CONNECTED"
,"ALLGEMEIN","KNOWLEDGE","INTERNAL","CONNECTED"
,"KOCHEN","KNOWLEDGE","INTERNAL","CONNECTED"
,"ALLGEMEIN","KNOWLEDGE","INTERNAL","CONNECTED"
,"ALLGEMEIN","KNOWLEDGE","INTERNAL","CONNECTED"
,"ALLGEMEIN","KNOWLEDGE","INTERNAL","CONNECTED"
,"KOCHEN","KNOWLEDGE","INTERNAL","CONNECTED"
,"BACKEN","KNOWLEDGE","INTERNAL","CONNECTED"
,"ALLGEMEIN","KNOWLEDGE","INTERNAL","CONNECTED"
,"KOCHEN","KNOWLEDGE","INTERNAL","CONNECTED"
,"MAGAZIN","KNOWLEDGE","INTERNAL","CONNECTED"
,"KOCHEN","KNOWLEDGE","INTERNAL","CONNECTED"
,"KOCHEN","KNOWLEDGE","INTERNAL","CONNECTED"
,"KOCHEN","KNOWLEDGE","INTERNAL","CONNECTED"
,"KOCHEN","KNOWLEDGE","INTERNAL","CONNECTED"
,"KOCHEN","KNOWLEDGE","INTERNAL","CONNECTED"
,"COMMUNITY","KNOWLEDGE","INTERNAL","CONNECTED"
,"COMMUNITY","KNOWLEDGE","INTERNAL","CONNECTED"
,"COMMUNITY","KNOWLEDGE","INTERNAL","CONNECTED"
,"MAGAZIN","KNOWLEDGE","INTERNAL","CONNECTED"
,"MAGAZIN","KNOWLEDGE","INTERNAL","CONNECTED"
,"MAGAZIN","KNOWLEDGE","INTERNAL","CONNECTED"
,"ERNÄHRUNG","KNOWLEDGE","INTERNAL","CONNECTED"
,"MAGAZIN","KNOWLEDGE","INTERNAL","CONNECTED"
,"BACKEN","KNOWLEDGE","INTERNAL","CONNECTED"
,"GESUNDHEIT","KNOWLEDGE","INTERNAL","CONNECTED"
,"MAGAZIN","KNOWLEDGE","INTERNAL","CONNECTED"
,"MAGAZIN","KNOWLEDGE","INTERNAL","CONNECTED"
,"ALLGEMEIN","KNOWLEDGE","INTERNAL","CONNECTED"
,"MAGAZIN","KNOWLEDGE","INTERNAL","CONNECTED"
,"MAGAZIN","KNOWLEDGE","INTERNAL","CONNECTED"
,"ALLGEMEIN","KNOWLEDGE","INTERNAL","CONNECTED"
,"GESUNDHEIT","KNOWLEDGE","INTERNAL","CONNECTED"
,"MAGAZIN","KNOWLEDGE","INTERNAL","CONNECTED"
,"MAGAZIN","KNOWLEDGE","INTERNAL","CONNECTED"
,"MAGAZIN","KNOWLEDGE","INTERNAL","CONNECTED"
,"BACKEN","KNOWLEDGE","INTERNAL","CONNECTED"
,"MAGAZIN","KNOWLEDGE","INTERNAL","CONNECTED"
,"BACKEN","KNOWLEDGE","INTERNAL","CONNECTED"
,"MAGAZIN","KNOWLEDGE","INTERNAL","CONNECTED"
,"MAGAZIN","KNOWLEDGE","INTERNAL","CONNECTED"
,"MAGAZIN","KNOWLEDGE","INTERNAL","CONNECTED"
,"ERNÄHRUNG","KNOWLEDGE","INTERNAL","CONNECTED"
,"COMMUNITY","KNOWLEDGE","INTERNAL","CONNECTED"
,"COMMUNITY","KNOWLEDGE","INTERNAL","CONNECTED"
,"COMMUNITY","KNOWLEDGE","INTERNAL","CONNECTED"
,"BACKEN","KNOWLEDGE","INTERNAL","CONNECTED"
,"COMMUNITY","KNOWLEDGE","INTERNAL","CONNECTED"
,"COMMUNITY","KNOWLEDGE","INTERNAL","CONNECTED"
,"COMMUNITY","KNOWLEDGE","INTERNAL","CONNECTED"
,"ALLGEMEIN","KNOWLEDGE","INTERNAL","CONNECTED"
,"ALLGEMEIN","KNOWLEDGE","INTERNAL","CONNECTED"
,"ALLGEMEIN","KNOWLEDGE","INTERNAL","CONNECTED"
,"ALLGEMEIN","KNOWLEDGE","INTERNAL","CONNECTED"
,"ALLGEMEIN","KNOWLEDGE","INTERNAL","CONNECTED"
,"ALLGEMEIN","KNOWLEDGE","INTERNAL","CONNECTED"
,"ALLGEMEIN","KNOWLEDGE","INTERNAL","CONNECTED"
,"ALLGEMEIN","KNOWLEDGE","INTERNAL","CONNECTED"
,"ALLGEMEIN","KNOWLEDGE","INTERNAL","CONNECTED"
,"ALLGEMEIN","KNOWLEDGE","INTERNAL","CONNECTED"
,"ALLGEMEIN","KNOWLEDGE","INTERNAL","CONNECTED"
,"ALLGEMEIN","KNOWLEDGE","INTERNAL","CONNECTED"
,"ALLGEMEIN","KNOWLEDGE","INTERNAL","CONNECTED"
,"ALLGEMEIN","KNOWLEDGE","INTERNAL","CONNECTED"
,"ALLGEMEIN","KNOWLEDGE","INTERNAL","CONNECTED"
,"ALLGEMEIN","KNOWLEDGE","INTERNAL","CONNECTED"
,"ALLGEMEIN","KNOWLEDGE","INTERNAL","CONNECTED"
,"ALLGEMEIN","KNOWLEDGE","INTERNAL","CONNECTED"
,"KOCHEN","KNOWLEDGE","INTERNAL","CONNECTED"
,"KOCHEN","KNOWLEDGE","INTERNAL","CONNECTED"
,"BACKEN","KNOWLEDGE","INTERNAL","CONNECTED"
,"MAGAZIN","KNOWLEDGE","INTERNAL","CONNECTED"
,"COMMUNITY","KNOWLEDGE","INTERNAL","CONNECTED"
,"MAGAZIN","KNOWLEDGE","INTERNAL","CONNECTED"
,"ALLGEMEIN","KNOWLEDGE","INTERNAL","CONNECTED"
,"ALLGEMEIN","KNOWLEDGE","INTERNAL","CONNECTED"
"Organization","SCHEMA","IDENTITY","STRUCTURED_DATA","CONNECTED"
"ImageObject","SCHEMA","IDENTITY","STRUCTURED_DATA","CONNECTED"
"WebSite","SCHEMA","IDENTITY","STRUCTURED_DATA","CONNECTED"
"SearchAction","SCHEMA","IDENTITY","STRUCTURED_DATA","CONNECTED"
"SiteNavigationElement","SCHEMA","IDENTITY","STRUCTURED_DATA","CONNECTED"
"SiteNavigationElement","SCHEMA","IDENTITY","STRUCTURED_DATA","CONNECTED"
"SiteNavigationElement","SCHEMA","IDENTITY","STRUCTURED_DATA","CONNECTED"
"SiteNavigationElement","SCHEMA","IDENTITY","STRUCTURED_DATA","CONNECTED"
"SiteNavigationElement","SCHEMA","IDENTITY","STRUCTURED_DATA","CONNECTED"
"SiteNavigationElement","SCHEMA","IDENTITY","STRUCTURED_DATA","CONNECTED"
"SiteNavigationElement","SCHEMA","IDENTITY","STRUCTURED_DATA","CONNECTED"
"SiteNavigationElement","SCHEMA","IDENTITY","STRUCTURED_DATA","CONNECTED"
"SiteNavigationElement","SCHEMA","IDENTITY","STRUCTURED_DATA","CONNECTED"
"SiteNavigationElement","SCHEMA","IDENTITY","STRUCTURED_DATA","CONNECTED"
"SiteNavigationElement","SCHEMA","IDENTITY","STRUCTURED_DATA","CONNECTED"
"SiteNavigationElement","SCHEMA","IDENTITY","STRUCTURED_DATA","CONNECTED"
"SiteNavigationElement","SCHEMA","IDENTITY","STRUCTURED_DATA","CONNECTED"
"SiteNavigationElement","SCHEMA","IDENTITY","STRUCTURED_DATA","CONNECTED"
"SiteNavigationElement","SCHEMA","IDENTITY","STRUCTURED_DATA","CONNECTED"
"SiteNavigationElement","SCHEMA","IDENTITY","STRUCTURED_DATA","CONNECTED"
