"node","layer","identity","connection","trust_signal"
"Organization","ENTITY","True","sameAs","YES"
"ImageObject","ENTITY","True","sameAs","YES"
"WebSite","ENTITY","True","sameAs","YES"
"SearchAction","ENTITY","True","sameAs","YES"
"SiteNavigationElement","ENTITY","True","sameAs","YES"
"SiteNavigationElement","ENTITY","True","sameAs","YES"
"SiteNavigationElement","ENTITY","True","sameAs","YES"
"SiteNavigationElement","ENTITY","True","sameAs","YES"
"SiteNavigationElement","ENTITY","True","sameAs","YES"
"SiteNavigationElement","ENTITY","True","sameAs","YES"
"SiteNavigationElement","ENTITY","True","sameAs","YES"
"SiteNavigationElement","ENTITY","True","sameAs","YES"
"SiteNavigationElement","ENTITY","True","sameAs","YES"
"SiteNavigationElement","ENTITY","True","sameAs","YES"
"SiteNavigationElement","ENTITY","True","sameAs","YES"
"SiteNavigationElement","ENTITY","True","sameAs","YES"
"SiteNavigationElement","ENTITY","True","sameAs","YES"
"SiteNavigationElement","ENTITY","True","sameAs","YES"
"SiteNavigationElement","ENTITY","True","sameAs","YES"
"SiteNavigationElement","ENTITY","True","sameAs","YES"
"ALLGEMEIN","TOPIC","","CONTENT_CLUSTER","CONTENT"
"ALLGEMEIN","TOPIC","","CONTENT_CLUSTER","CONTENT"
"ALLGEMEIN","TOPIC","","CONTENT_CLUSTER","CONTENT"
"ALLGEMEIN","TOPIC","","CONTENT_CLUSTER","CONTENT"
"ALLGEMEIN","TOPIC","","CONTENT_CLUSTER","CONTENT"
"ALLGEMEIN","TOPIC","","CONTENT_CLUSTER","CONTENT"
"ALLGEMEIN","TOPIC","","CONTENT_CLUSTER","CONTENT"
"ALLGEMEIN","TOPIC","","CONTENT_CLUSTER","CONTENT"
"ALLGEMEIN","TOPIC","","CONTENT_CLUSTER","CONTENT"
"KOCHEN","TOPIC","","CONTENT_CLUSTER","CONTENT"
"ALLGEMEIN","TOPIC","","CONTENT_CLUSTER","CONTENT"
"ALLGEMEIN","TOPIC","","CONTENT_CLUSTER","CONTENT"
"ALLGEMEIN","TOPIC","","CONTENT_CLUSTER","CONTENT"
"KOCHEN","TOPIC","","CONTENT_CLUSTER","CONTENT"
"BACKEN","TOPIC","","CONTENT_CLUSTER","CONTENT"
"ALLGEMEIN","TOPIC","","CONTENT_CLUSTER","CONTENT"
"KOCHEN","TOPIC","","CONTENT_CLUSTER","CONTENT"
"MAGAZIN","TOPIC","","CONTENT_CLUSTER","CONTENT"
"KOCHEN","TOPIC","","CONTENT_CLUSTER","CONTENT"
"KOCHEN","TOPIC","","CONTENT_CLUSTER","CONTENT"
"KOCHEN","TOPIC","","CONTENT_CLUSTER","CONTENT"
"KOCHEN","TOPIC","","CONTENT_CLUSTER","CONTENT"
"KOCHEN","TOPIC","","CONTENT_CLUSTER","CONTENT"
"COMMUNITY","TOPIC","","CONTENT_CLUSTER","CONTENT"
"COMMUNITY","TOPIC","","CONTENT_CLUSTER","CONTENT"
"COMMUNITY","TOPIC","","CONTENT_CLUSTER","CONTENT"
"MAGAZIN","TOPIC","","CONTENT_CLUSTER","CONTENT"
"MAGAZIN","TOPIC","","CONTENT_CLUSTER","CONTENT"
"MAGAZIN","TOPIC","","CONTENT_CLUSTER","CONTENT"
"ERNÄHRUNG","TOPIC","","CONTENT_CLUSTER","CONTENT"
"MAGAZIN","TOPIC","","CONTENT_CLUSTER","CONTENT"
"BACKEN","TOPIC","","CONTENT_CLUSTER","CONTENT"
"GESUNDHEIT","TOPIC","","CONTENT_CLUSTER","CONTENT"
"MAGAZIN","TOPIC","","CONTENT_CLUSTER","CONTENT"
"MAGAZIN","TOPIC","","CONTENT_CLUSTER","CONTENT"
"ALLGEMEIN","TOPIC","","CONTENT_CLUSTER","CONTENT"
"MAGAZIN","TOPIC","","CONTENT_CLUSTER","CONTENT"
"MAGAZIN","TOPIC","","CONTENT_CLUSTER","CONTENT"
"ALLGEMEIN","TOPIC","","CONTENT_CLUSTER","CONTENT"
"GESUNDHEIT","TOPIC","","CONTENT_CLUSTER","CONTENT"
"MAGAZIN","TOPIC","","CONTENT_CLUSTER","CONTENT"
"MAGAZIN","TOPIC","","CONTENT_CLUSTER","CONTENT"
"MAGAZIN","TOPIC","","CONTENT_CLUSTER","CONTENT"
"BACKEN","TOPIC","","CONTENT_CLUSTER","CONTENT"
"MAGAZIN","TOPIC","","CONTENT_CLUSTER","CONTENT"
"BACKEN","TOPIC","","CONTENT_CLUSTER","CONTENT"
"MAGAZIN","TOPIC","","CONTENT_CLUSTER","CONTENT"
"MAGAZIN","TOPIC","","CONTENT_CLUSTER","CONTENT"
"MAGAZIN","TOPIC","","CONTENT_CLUSTER","CONTENT"
"ERNÄHRUNG","TOPIC","","CONTENT_CLUSTER","CONTENT"
"COMMUNITY","TOPIC","","CONTENT_CLUSTER","CONTENT"
"COMMUNITY","TOPIC","","CONTENT_CLUSTER","CONTENT"
"COMMUNITY","TOPIC","","CONTENT_CLUSTER","CONTENT"
"BACKEN","TOPIC","","CONTENT_CLUSTER","CONTENT"
"COMMUNITY","TOPIC","","CONTENT_CLUSTER","CONTENT"
"COMMUNITY","TOPIC","","CONTENT_CLUSTER","CONTENT"
"COMMUNITY","TOPIC","","CONTENT_CLUSTER","CONTENT"
"ALLGEMEIN","TOPIC","","CONTENT_CLUSTER","CONTENT"
"ALLGEMEIN","TOPIC","","CONTENT_CLUSTER","CONTENT"
"MAGAZIN","TOPIC","","CONTENT_CLUSTER","CONTENT"
"MAGAZIN","TOPIC","","CONTENT_CLUSTER","CONTENT"
"MAGAZIN","TOPIC","","CONTENT_CLUSTER","CONTENT"
"GESUNDHEIT","TOPIC","","CONTENT_CLUSTER","CONTENT"
"KOCHEN","TOPIC","","CONTENT_CLUSTER","CONTENT"
"MAGAZIN","TOPIC","","CONTENT_CLUSTER","CONTENT"
"MAGAZIN","TOPIC","","CONTENT_CLUSTER","CONTENT"
"MAGAZIN","TOPIC","","CONTENT_CLUSTER","CONTENT"
"ALLGEMEIN","TOPIC","","CONTENT_CLUSTER","CONTENT"
"ALLGEMEIN","TOPIC","","CONTENT_CLUSTER","CONTENT"
"KOCHEN","TOPIC","","CONTENT_CLUSTER","CONTENT"
"BACKEN","TOPIC","","CONTENT_CLUSTER","CONTENT"
"ALLGEMEIN","TOPIC","","CONTENT_CLUSTER","CONTENT"
"ALLGEMEIN","TOPIC","","CONTENT_CLUSTER","CONTENT"
"KOCHEN","TOPIC","","CONTENT_CLUSTER","CONTENT"
"KOCHEN","TOPIC","","CONTENT_CLUSTER","CONTENT"
"KOCHEN","TOPIC","","CONTENT_CLUSTER","CONTENT"
"KOCHEN","TOPIC","","CONTENT_CLUSTER","CONTENT"
"MAGAZIN","TOPIC","","CONTENT_CLUSTER","CONTENT"
"MAGAZIN","TOPIC","","CONTENT_CLUSTER","CONTENT"
"KOCHEN","TOPIC","","CONTENT_CLUSTER","CONTENT"
"MAGAZIN","TOPIC","","CONTENT_CLUSTER","CONTENT"
"MAGAZIN","TOPIC","","CONTENT_CLUSTER","CONTENT"
"MAGAZIN","TOPIC","","CONTENT_CLUSTER","CONTENT"
"MAGAZIN","TOPIC","","CONTENT_CLUSTER","CONTENT"
"MAGAZIN","TOPIC","","CONTENT_CLUSTER","CONTENT"
"MAGAZIN","TOPIC","","CONTENT_CLUSTER","CONTENT"
"MAGAZIN","TOPIC","","CONTENT_CLUSTER","CONTENT"
"MAGAZIN","TOPIC","","CONTENT_CLUSTER","CONTENT"
"MAGAZIN","TOPIC","","CONTENT_CLUSTER","CONTENT"
"MAGAZIN","TOPIC","","CONTENT_CLUSTER","CONTENT"
"MAGAZIN","TOPIC","","CONTENT_CLUSTER","CONTENT"
"GESUNDHEIT","TOPIC","","CONTENT_CLUSTER","CONTENT"
"MAGAZIN","TOPIC","","CONTENT_CLUSTER","CONTENT"
"MAGAZIN","TOPIC","","CONTENT_CLUSTER","CONTENT"
"MAGAZIN","TOPIC","","CONTENT_CLUSTER","CONTENT"
"MAGAZIN","TOPIC","","CONTENT_CLUSTER","CONTENT"
"ERNÄHRUNG","TOPIC","","CONTENT_CLUSTER","CONTENT"
"MAGAZIN","TOPIC","","CONTENT_CLUSTER","CONTENT"
"BACKEN","TOPIC","","CONTENT_CLUSTER","CONTENT"
"GESUNDHEIT","TOPIC","","CONTENT_CLUSTER","CONTENT"
"MAGAZIN","TOPIC","","CONTENT_CLUSTER","CONTENT"
"MAGAZIN","TOPIC","","CONTENT_CLUSTER","CONTENT"
"MAGAZIN","TOPIC","","CONTENT_CLUSTER","CONTENT"
"MAGAZIN","TOPIC","","CONTENT_CLUSTER","CONTENT"
"MAGAZIN","TOPIC","","CONTENT_CLUSTER","CONTENT"
"MAGAZIN","TOPIC","","CONTENT_CLUSTER","CONTENT"
"MAGAZIN","TOPIC","","CONTENT_CLUSTER","CONTENT"
"GESUNDHEIT","TOPIC","","CONTENT_CLUSTER","CONTENT"
"MAGAZIN","TOPIC","","CONTENT_CLUSTER","CONTENT"
"MAGAZIN","TOPIC","","CONTENT_CLUSTER","CONTENT"
"MAGAZIN","TOPIC","","CONTENT_CLUSTER","CONTENT"
"ALLGEMEIN","TOPIC","","CONTENT_CLUSTER","CONTENT"
"KOCHEN","TOPIC","","CONTENT_CLUSTER","CONTENT"
"ALLGEMEIN","TOPIC","","CONTENT_CLUSTER","CONTENT"
"ALLGEMEIN","TOPIC","","CONTENT_CLUSTER","CONTENT"
"ALLGEMEIN","TOPIC","","CONTENT_CLUSTER","CONTENT"
"ALLGEMEIN","TOPIC","","CONTENT_CLUSTER","CONTENT"
"KOCHEN","TOPIC","","CONTENT_CLUSTER","CONTENT"
"ALLGEMEIN","TOPIC","","CONTENT_CLUSTER","CONTENT"
"ALLGEMEIN","TOPIC","","CONTENT_CLUSTER","CONTENT"
"KOCHEN","TOPIC","","CONTENT_CLUSTER","CONTENT"
"KOCHEN","TOPIC","","CONTENT_CLUSTER","CONTENT"
"KOCHEN","TOPIC","","CONTENT_CLUSTER","CONTENT"
"KOCHEN","TOPIC","","CONTENT_CLUSTER","CONTENT"
"KOCHEN","TOPIC","","CONTENT_CLUSTER","CONTENT"
"KOCHEN","TOPIC","","CONTENT_CLUSTER","CONTENT"
"KOCHEN","TOPIC","","CONTENT_CLUSTER","CONTENT"
"KOCHEN","TOPIC","","CONTENT_CLUSTER","CONTENT"
"KOCHEN","TOPIC","","CONTENT_CLUSTER","CONTENT"
"KOCHEN","TOPIC","","CONTENT_CLUSTER","CONTENT"
"KOCHEN","TOPIC","","CONTENT_CLUSTER","CONTENT"
"KOCHEN","TOPIC","","CONTENT_CLUSTER","CONTENT"
"KOCHEN","TOPIC","","CONTENT_CLUSTER","CONTENT"
"KOCHEN","TOPIC","","CONTENT_CLUSTER","CONTENT"
"KOCHEN","TOPIC","","CONTENT_CLUSTER","CONTENT"
"KOCHEN","TOPIC","","CONTENT_CLUSTER","CONTENT"
"KOCHEN","TOPIC","","CONTENT_CLUSTER","CONTENT"
"KOCHEN","TOPIC","","CONTENT_CLUSTER","CONTENT"
"KOCHEN","TOPIC","","CONTENT_CLUSTER","CONTENT"
"COMMUNITY","TOPIC","","CONTENT_CLUSTER","CONTENT"
"ALLGEMEIN","TOPIC","","CONTENT_CLUSTER","CONTENT"
"COMMUNITY","TOPIC","","CONTENT_CLUSTER","CONTENT"
"ALLGEMEIN","TOPIC","","CONTENT_CLUSTER","CONTENT"
"COMMUNITY","TOPIC","","CONTENT_CLUSTER","CONTENT"
"COMMUNITY","TOPIC","","CONTENT_CLUSTER","CONTENT"
"COMMUNITY","TOPIC","","CONTENT_CLUSTER","CONTENT"
"COMMUNITY","TOPIC","","CONTENT_CLUSTER","CONTENT"
"KOCHEN","TOPIC","","CONTENT_CLUSTER","CONTENT"
"KOCHEN","TOPIC","","CONTENT_CLUSTER","CONTENT"
"KOCHEN","TOPIC","","CONTENT_CLUSTER","CONTENT"
"KOCHEN","TOPIC","","CONTENT_CLUSTER","CONTENT"
"KOCHEN","TOPIC","","CONTENT_CLUSTER","CONTENT"
"KOCHEN","TOPIC","","CONTENT_CLUSTER","CONTENT"
"KOCHEN","TOPIC","","CONTENT_CLUSTER","CONTENT"
"KOCHEN","TOPIC","","CONTENT_CLUSTER","CONTENT"
"KOCHEN","TOPIC","","CONTENT_CLUSTER","CONTENT"
"KOCHEN","TOPIC","","CONTENT_CLUSTER","CONTENT"
"KOCHEN","TOPIC","","CONTENT_CLUSTER","CONTENT"
"KOCHEN","TOPIC","","CONTENT_CLUSTER","CONTENT"
"BACKEN","TOPIC","","CONTENT_CLUSTER","CONTENT"
"MAGAZIN","TOPIC","","CONTENT_CLUSTER","CONTENT"
"MAGAZIN","TOPIC","","CONTENT_CLUSTER","CONTENT"
"MAGAZIN","TOPIC","","CONTENT_CLUSTER","CONTENT"
"MAGAZIN","TOPIC","","CONTENT_CLUSTER","CONTENT"
"MAGAZIN","TOPIC","","CONTENT_CLUSTER","CONTENT"
"MAGAZIN","TOPIC","","CONTENT_CLUSTER","CONTENT"
"MAGAZIN","TOPIC","","CONTENT_CLUSTER","CONTENT"
"MAGAZIN","TOPIC","","CONTENT_CLUSTER","CONTENT"
"MAGAZIN","TOPIC","","CONTENT_CLUSTER","CONTENT"
"ERNÄHRUNG","TOPIC","","CONTENT_CLUSTER","CONTENT"
"MAGAZIN","TOPIC","","CONTENT_CLUSTER","CONTENT"
"MAGAZIN","TOPIC","","CONTENT_CLUSTER","CONTENT"
"MAGAZIN","TOPIC","","CONTENT_CLUSTER","CONTENT"
"MAGAZIN","TOPIC","","CONTENT_CLUSTER","CONTENT"
"MAGAZIN","TOPIC","","CONTENT_CLUSTER","CONTENT"
"MAGAZIN","TOPIC","","CONTENT_CLUSTER","CONTENT"
"MAGAZIN","TOPIC","","CONTENT_CLUSTER","CONTENT"
"MAGAZIN","TOPIC","","CONTENT_CLUSTER","CONTENT"
"MAGAZIN","TOPIC","","CONTENT_CLUSTER","CONTENT"
"KOCHEN","TOPIC","","CONTENT_CLUSTER","CONTENT"
"KOCHEN","TOPIC","","CONTENT_CLUSTER","CONTENT"
"KOCHEN","TOPIC","","CONTENT_CLUSTER","CONTENT"
"KOCHEN","TOPIC","","CONTENT_CLUSTER","CONTENT"
"KOCHEN","TOPIC","","CONTENT_CLUSTER","CONTENT"
"KOCHEN","TOPIC","","CONTENT_CLUSTER","CONTENT"
"KOCHEN","TOPIC","","CONTENT_CLUSTER","CONTENT"
"KOCHEN","TOPIC","","CONTENT_CLUSTER","CONTENT"
"KOCHEN","TOPIC","","CONTENT_CLUSTER","CONTENT"
"KOCHEN","TOPIC","","CONTENT_CLUSTER","CONTENT"
"KOCHEN","TOPIC","","CONTENT_CLUSTER","CONTENT"
"ALLGEMEIN","TOPIC","","CONTENT_CLUSTER","CONTENT"
"ALLGEMEIN","TOPIC","","CONTENT_CLUSTER","CONTENT"
"ALLGEMEIN","TOPIC","","CONTENT_CLUSTER","CONTENT"
"ALLGEMEIN","TOPIC","","CONTENT_CLUSTER","CONTENT"
"ALLGEMEIN","TOPIC","","CONTENT_CLUSTER","CONTENT"
"ALLGEMEIN","TOPIC","","CONTENT_CLUSTER","CONTENT"
"ALLGEMEIN","TOPIC","","CONTENT_CLUSTER","CONTENT"
"ALLGEMEIN","TOPIC","","CONTENT_CLUSTER","CONTENT"
"ALLGEMEIN","TOPIC","","CONTENT_CLUSTER","CONTENT"
"ALLGEMEIN","TOPIC","","CONTENT_CLUSTER","CONTENT"
"ALLGEMEIN","TOPIC","","CONTENT_CLUSTER","CONTENT"
"ALLGEMEIN","TOPIC","","CONTENT_CLUSTER","CONTENT"
"ALLGEMEIN","TOPIC","","CONTENT_CLUSTER","CONTENT"
"ALLGEMEIN","TOPIC","","CONTENT_CLUSTER","CONTENT"
"ALLGEMEIN","TOPIC","","CONTENT_CLUSTER","CONTENT"
"ALLGEMEIN","TOPIC","","CONTENT_CLUSTER","CONTENT"
"KOCHEN","TOPIC","","CONTENT_CLUSTER","CONTENT"
"KOCHEN","TOPIC","","CONTENT_CLUSTER","CONTENT"
"BACKEN","TOPIC","","CONTENT_CLUSTER","CONTENT"
"MAGAZIN","TOPIC","","CONTENT_CLUSTER","CONTENT"
"COMMUNITY","TOPIC","","CONTENT_CLUSTER","CONTENT"
"MAGAZIN","TOPIC","","CONTENT_CLUSTER","CONTENT"
"ALLGEMEIN","TOPIC","","CONTENT_CLUSTER","CONTENT"
"ALLGEMEIN","TOPIC","","CONTENT_CLUSTER","CONTENT"
"ALLGEMEIN","TOPIC","","CONTENT_CLUSTER","CONTENT"
"ALLGEMEIN","TOPIC","","CONTENT_CLUSTER","CONTENT"
"ALLGEMEIN","TOPIC","","CONTENT_CLUSTER","CONTENT"
"ALLGEMEIN","TOPIC","","CONTENT_CLUSTER","CONTENT"
"ALLGEMEIN","TOPIC","","CONTENT_CLUSTER","CONTENT"
"ALLGEMEIN","TOPIC","","CONTENT_CLUSTER","CONTENT"
"ALLGEMEIN","TOPIC","","CONTENT_CLUSTER","CONTENT"
"ALLGEMEIN","TOPIC","","CONTENT_CLUSTER","CONTENT"
"ALLGEMEIN","TOPIC","","CONTENT_CLUSTER","CONTENT"
"KOCHEN","TOPIC","","CONTENT_CLUSTER","CONTENT"
"ALLGEMEIN","TOPIC","","CONTENT_CLUSTER","CONTENT"
"ALLGEMEIN","TOPIC","","CONTENT_CLUSTER","CONTENT"
"ALLGEMEIN","TOPIC","","CONTENT_CLUSTER","CONTENT"
"KOCHEN","TOPIC","","CONTENT_CLUSTER","CONTENT"
"BACKEN","TOPIC","","CONTENT_CLUSTER","CONTENT"
"ALLGEMEIN","TOPIC","","CONTENT_CLUSTER","CONTENT"
"KOCHEN","TOPIC","","CONTENT_CLUSTER","CONTENT"
"MAGAZIN","TOPIC","","CONTENT_CLUSTER","CONTENT"
"KOCHEN","TOPIC","","CONTENT_CLUSTER","CONTENT"
"KOCHEN","TOPIC","","CONTENT_CLUSTER","CONTENT"
"KOCHEN","TOPIC","","CONTENT_CLUSTER","CONTENT"
"KOCHEN","TOPIC","","CONTENT_CLUSTER","CONTENT"
"KOCHEN","TOPIC","","CONTENT_CLUSTER","CONTENT"
"COMMUNITY","TOPIC","","CONTENT_CLUSTER","CONTENT"
"COMMUNITY","TOPIC","","CONTENT_CLUSTER","CONTENT"
"COMMUNITY","TOPIC","","CONTENT_CLUSTER","CONTENT"
"MAGAZIN","TOPIC","","CONTENT_CLUSTER","CONTENT"
"MAGAZIN","TOPIC","","CONTENT_CLUSTER","CONTENT"
"MAGAZIN","TOPIC","","CONTENT_CLUSTER","CONTENT"
"ERNÄHRUNG","TOPIC","","CONTENT_CLUSTER","CONTENT"
"MAGAZIN","TOPIC","","CONTENT_CLUSTER","CONTENT"
"BACKEN","TOPIC","","CONTENT_CLUSTER","CONTENT"
"GESUNDHEIT","TOPIC","","CONTENT_CLUSTER","CONTENT"
"MAGAZIN","TOPIC","","CONTENT_CLUSTER","CONTENT"
"MAGAZIN","TOPIC","","CONTENT_CLUSTER","CONTENT"
"ALLGEMEIN","TOPIC","","CONTENT_CLUSTER","CONTENT"
"MAGAZIN","TOPIC","","CONTENT_CLUSTER","CONTENT"
"MAGAZIN","TOPIC","","CONTENT_CLUSTER","CONTENT"
"ALLGEMEIN","TOPIC","","CONTENT_CLUSTER","CONTENT"
"GESUNDHEIT","TOPIC","","CONTENT_CLUSTER","CONTENT"
"MAGAZIN","TOPIC","","CONTENT_CLUSTER","CONTENT"
"MAGAZIN","TOPIC","","CONTENT_CLUSTER","CONTENT"
"MAGAZIN","TOPIC","","CONTENT_CLUSTER","CONTENT"
"BACKEN","TOPIC","","CONTENT_CLUSTER","CONTENT"
"MAGAZIN","TOPIC","","CONTENT_CLUSTER","CONTENT"
"BACKEN","TOPIC","","CONTENT_CLUSTER","CONTENT"
"MAGAZIN","TOPIC","","CONTENT_CLUSTER","CONTENT"
"MAGAZIN","TOPIC","","CONTENT_CLUSTER","CONTENT"
"MAGAZIN","TOPIC","","CONTENT_CLUSTER","CONTENT"
"ERNÄHRUNG","TOPIC","","CONTENT_CLUSTER","CONTENT"
"COMMUNITY","TOPIC","","CONTENT_CLUSTER","CONTENT"
"COMMUNITY","TOPIC","","CONTENT_CLUSTER","CONTENT"
"COMMUNITY","TOPIC","","CONTENT_CLUSTER","CONTENT"
"BACKEN","TOPIC","","CONTENT_CLUSTER","CONTENT"
"COMMUNITY","TOPIC","","CONTENT_CLUSTER","CONTENT"
"COMMUNITY","TOPIC","","CONTENT_CLUSTER","CONTENT"
"COMMUNITY","TOPIC","","CONTENT_CLUSTER","CONTENT"
"ALLGEMEIN","TOPIC","","CONTENT_CLUSTER","CONTENT"
"ALLGEMEIN","TOPIC","","CONTENT_CLUSTER","CONTENT"
"ALLGEMEIN","TOPIC","","CONTENT_CLUSTER","CONTENT"
"ALLGEMEIN","TOPIC","","CONTENT_CLUSTER","CONTENT"
"ALLGEMEIN","TOPIC","","CONTENT_CLUSTER","CONTENT"
"ALLGEMEIN","TOPIC","","CONTENT_CLUSTER","CONTENT"
"ALLGEMEIN","TOPIC","","CONTENT_CLUSTER","CONTENT"
"ALLGEMEIN","TOPIC","","CONTENT_CLUSTER","CONTENT"
"ALLGEMEIN","TOPIC","","CONTENT_CLUSTER","CONTENT"
"ALLGEMEIN","TOPIC","","CONTENT_CLUSTER","CONTENT"
"ALLGEMEIN","TOPIC","","CONTENT_CLUSTER","CONTENT"
"ALLGEMEIN","TOPIC","","CONTENT_CLUSTER","CONTENT"
"ALLGEMEIN","TOPIC","","CONTENT_CLUSTER","CONTENT"
"ALLGEMEIN","TOPIC","","CONTENT_CLUSTER","CONTENT"
"ALLGEMEIN","TOPIC","","CONTENT_CLUSTER","CONTENT"
"ALLGEMEIN","TOPIC","","CONTENT_CLUSTER","CONTENT"
"ALLGEMEIN","TOPIC","","CONTENT_CLUSTER","CONTENT"
"ALLGEMEIN","TOPIC","","CONTENT_CLUSTER","CONTENT"
"KOCHEN","TOPIC","","CONTENT_CLUSTER","CONTENT"
"KOCHEN","TOPIC","","CONTENT_CLUSTER","CONTENT"
"BACKEN","TOPIC","","CONTENT_CLUSTER","CONTENT"
"MAGAZIN","TOPIC","","CONTENT_CLUSTER","CONTENT"
"COMMUNITY","TOPIC","","CONTENT_CLUSTER","CONTENT"
"MAGAZIN","TOPIC","","CONTENT_CLUSTER","CONTENT"
"ALLGEMEIN","TOPIC","","CONTENT_CLUSTER","CONTENT"
"ALLGEMEIN","TOPIC","","CONTENT_CLUSTER","CONTENT"
"Organization","SCHEMA","True","STRUCTURED_DATA","YES"
"ImageObject","SCHEMA","True","STRUCTURED_DATA","YES"
"WebSite","SCHEMA","True","STRUCTURED_DATA","YES"
"SearchAction","SCHEMA","True","STRUCTURED_DATA","YES"
"SiteNavigationElement","SCHEMA","True","STRUCTURED_DATA","YES"
"SiteNavigationElement","SCHEMA","True","STRUCTURED_DATA","YES"
"SiteNavigationElement","SCHEMA","True","STRUCTURED_DATA","YES"
"SiteNavigationElement","SCHEMA","True","STRUCTURED_DATA","YES"
"SiteNavigationElement","SCHEMA","True","STRUCTURED_DATA","YES"
"SiteNavigationElement","SCHEMA","True","STRUCTURED_DATA","YES"
"SiteNavigationElement","SCHEMA","True","STRUCTURED_DATA","YES"
"SiteNavigationElement","SCHEMA","True","STRUCTURED_DATA","YES"
"SiteNavigationElement","SCHEMA","True","STRUCTURED_DATA","YES"
"SiteNavigationElement","SCHEMA","True","STRUCTURED_DATA","YES"
"SiteNavigationElement","SCHEMA","True","STRUCTURED_DATA","YES"
"SiteNavigationElement","SCHEMA","True","STRUCTURED_DATA","YES"
"SiteNavigationElement","SCHEMA","True","STRUCTURED_DATA","YES"
"SiteNavigationElement","SCHEMA","True","STRUCTURED_DATA","YES"
"SiteNavigationElement","SCHEMA","True","STRUCTURED_DATA","YES"
"SiteNavigationElement","SCHEMA","True","STRUCTURED_DATA","YES"
