"entity_a","entity_b","page"
"rezept","kochen","C:\Meine Webseiten\freebasis\index.html"
"rezept","backen","C:\Meine Webseiten\freebasis\index.html"
"kochen","backen","C:\Meine Webseiten\freebasis\index.html"
"rezept","kochen","C:\Meine Webseiten\freebasis\www.chefkoch.de\index.html"
"rezept","backen","C:\Meine Webseiten\freebasis\www.chefkoch.de\index.html"
"rezept","magazin","C:\Meine Webseiten\freebasis\www.chefkoch.de\index.html"
"rezept","fleisch","C:\Meine Webseiten\freebasis\www.chefkoch.de\index.html"
"rezept","kuchen","C:\Meine Webseiten\freebasis\www.chefkoch.de\index.html"
"rezept","dessert","C:\Meine Webseiten\freebasis\www.chefkoch.de\index.html"
"kochen","backen","C:\Meine Webseiten\freebasis\www.chefkoch.de\index.html"
"kochen","magazin","C:\Meine Webseiten\freebasis\www.chefkoch.de\index.html"
"kochen","fleisch","C:\Meine Webseiten\freebasis\www.chefkoch.de\index.html"
"kochen","kuchen","C:\Meine Webseiten\freebasis\www.chefkoch.de\index.html"
"kochen","dessert","C:\Meine Webseiten\freebasis\www.chefkoch.de\index.html"
"backen","magazin","C:\Meine Webseiten\freebasis\www.chefkoch.de\index.html"
"backen","fleisch","C:\Meine Webseiten\freebasis\www.chefkoch.de\index.html"
"backen","kuchen","C:\Meine Webseiten\freebasis\www.chefkoch.de\index.html"
"backen","dessert","C:\Meine Webseiten\freebasis\www.chefkoch.de\index.html"
"magazin","fleisch","C:\Meine Webseiten\freebasis\www.chefkoch.de\index.html"
"magazin","kuchen","C:\Meine Webseiten\freebasis\www.chefkoch.de\index.html"
"magazin","dessert","C:\Meine Webseiten\freebasis\www.chefkoch.de\index.html"
"fleisch","kuchen","C:\Meine Webseiten\freebasis\www.chefkoch.de\index.html"
"fleisch","dessert","C:\Meine Webseiten\freebasis\www.chefkoch.de\index.html"
"kuchen","dessert","C:\Meine Webseiten\freebasis\www.chefkoch.de\index.html"
"rezept","kochen","C:\Meine Webseiten\freebasis\www.chefkoch.de\kochstars\thema-des-monats\märz-2023.html"
"rezept","backen","C:\Meine Webseiten\freebasis\www.chefkoch.de\kochstars\thema-des-monats\märz-2023.html"
"rezept","magazin","C:\Meine Webseiten\freebasis\www.chefkoch.de\kochstars\thema-des-monats\märz-2023.html"
"kochen","backen","C:\Meine Webseiten\freebasis\www.chefkoch.de\kochstars\thema-des-monats\märz-2023.html"
"kochen","magazin","C:\Meine Webseiten\freebasis\www.chefkoch.de\kochstars\thema-des-monats\märz-2023.html"
"backen","magazin","C:\Meine Webseiten\freebasis\www.chefkoch.de\kochstars\thema-des-monats\märz-2023.html"
