"file","title","description","canonical","robots","jsonld","schema","open_graph","viewport"
"C:\Meine Webseiten\freebasis\index.html","PRESENT","PRESENT","MISSING","","False","MISSING","MISSING","False"
"C:\Meine Webseiten\freebasis\www.chefkoch.de\index.html","PRESENT","PRESENT","PRESENT","index,follow,max-image-preview:large,max-snippet:-1,max-video-preview:-1","True","PRESENT","PRESENT","True"
"C:\Meine Webseiten\freebasis\www.chefkoch.de\kochstars\thema-des-monats\märz-2023.html","PRESENT","PRESENT","PRESENT","index,follow","False","MISSING","PRESENT","True"
"C:\Meine Webseiten\freebasis\www.chefkoch.de\rs\s0\alkoholfreie+heiße+getränke\Rezepte.html","MISSING","MISSING","MISSING","","False","MISSING","MISSING","False"
"C:\Meine Webseiten\freebasis\www.chefkoch.de\rs\s0\auflauf+günstig\Rezepte.html","MISSING","MISSING","MISSING","","False","MISSING","MISSING","False"
"C:\Meine Webseiten\freebasis\www.chefkoch.de\rs\s0\backen+küchenmaschinen\Rezepte.html","MISSING","MISSING","MISSING","","False","MISSING","MISSING","False"
"C:\Meine Webseiten\freebasis\www.chefkoch.de\rs\s0\gemüsechips\Rezepte.html","MISSING","MISSING","MISSING","","False","MISSING","MISSING","False"
"C:\Meine Webseiten\freebasis\www.chefkoch.de\rs\s0\gewürzmandeln\Rezepte.html","MISSING","MISSING","MISSING","","False","MISSING","MISSING","False"
"C:\Meine Webseiten\freebasis\www.chefkoch.de\rs\s0\heißluftfritteuse\Rezepte.html","MISSING","MISSING","MISSING","","False","MISSING","MISSING","False"
"C:\Meine Webseiten\freebasis\www.chefkoch.de\rs\s0\hochzeit+beiträge\Rezepte.html","MISSING","MISSING","MISSING","","False","MISSING","MISSING","False"
"C:\Meine Webseiten\freebasis\www.chefkoch.de\rs\s0\küchenmaschine\Rezepte.html","MISSING","MISSING","MISSING","","False","MISSING","MISSING","False"
"C:\Meine Webseiten\freebasis\www.chefkoch.de\rs\s0\küchenmaschine+einfach\Rezepte.html","MISSING","MISSING","MISSING","","False","MISSING","MISSING","False"
"C:\Meine Webseiten\freebasis\www.chefkoch.de\rs\s0\kürbis\Rezepte.html","MISSING","MISSING","MISSING","","False","MISSING","MISSING","False"
"C:\Meine Webseiten\freebasis\www.chefkoch.de\rs\s0\leinöl\Rezepte.html","MISSING","MISSING","MISSING","","False","MISSING","MISSING","False"
"C:\Meine Webseiten\freebasis\www.chefkoch.de\rs\s0\schwarz+weiß+gebäck\Rezepte.html","MISSING","MISSING","MISSING","","False","MISSING","MISSING","False"
"C:\Meine Webseiten\freebasis\www.chefkoch.de\rs\s0t11\Getränk-Rezept.html","MISSING","MISSING","MISSING","","False","MISSING","MISSING","False"
"C:\Meine Webseiten\freebasis\www.chefkoch.de\rs\s0t18\Gemüse-Rezept.html","MISSING","MISSING","MISSING","","False","MISSING","MISSING","False"
"C:\Meine Webseiten\freebasis\www.chefkoch.de\rs\s0t211\Studentenküche-Rezept.html","MISSING","MISSING","MISSING","","False","MISSING","MISSING","False"
"C:\Meine Webseiten\freebasis\www.chefkoch.de\rs\s0t58\Geflügel-Rezept.html","MISSING","MISSING","MISSING","","False","MISSING","MISSING","False"
"C:\Meine Webseiten\freebasis\www.chefkoch.de\rs\s0t78\Frühling-Rezept.html","MISSING","MISSING","MISSING","","False","MISSING","MISSING","False"
"C:\Meine Webseiten\freebasis\www.chefkoch.de\rs\s0t83\Käse-Rezept.html","MISSING","MISSING","MISSING","","False","MISSING","MISSING","False"
