"page","file","status"
"C:\Meine Webseiten\freebasis\index.html","index.html","NO_INCOMING_LINK"
"C:\Meine Webseiten\freebasis\www.chefkoch.de\index.html","index.html","NO_INCOMING_LINK"
"C:\Meine Webseiten\freebasis\www.chefkoch.de\kochstars\thema-des-monats\märz-2023.html","märz-2023.html","NO_INCOMING_LINK"
"C:\Meine Webseiten\freebasis\www.chefkoch.de\rs\s0\alkoholfreie+heiße+getränke\Rezepte.html","Rezepte.html","NO_INCOMING_LINK"
"C:\Meine Webseiten\freebasis\www.chefkoch.de\rs\s0\auflauf+günstig\Rezepte.html","Rezepte.html","NO_INCOMING_LINK"
"C:\Meine Webseiten\freebasis\www.chefkoch.de\rs\s0\backen+küchenmaschinen\Rezepte.html","Rezepte.html","NO_INCOMING_LINK"
"C:\Meine Webseiten\freebasis\www.chefkoch.de\rs\s0\gemüsechips\Rezepte.html","Rezepte.html","NO_INCOMING_LINK"
"C:\Meine Webseiten\freebasis\www.chefkoch.de\rs\s0\gewürzmandeln\Rezepte.html","Rezepte.html","NO_INCOMING_LINK"
"C:\Meine Webseiten\freebasis\www.chefkoch.de\rs\s0\heißluftfritteuse\Rezepte.html","Rezepte.html","NO_INCOMING_LINK"
"C:\Meine Webseiten\freebasis\www.chefkoch.de\rs\s0\hochzeit+beiträge\Rezepte.html","Rezepte.html","NO_INCOMING_LINK"
"C:\Meine Webseiten\freebasis\www.chefkoch.de\rs\s0\küchenmaschine\Rezepte.html","Rezepte.html","NO_INCOMING_LINK"
"C:\Meine Webseiten\freebasis\www.chefkoch.de\rs\s0\küchenmaschine+einfach\Rezepte.html","Rezepte.html","NO_INCOMING_LINK"
"C:\Meine Webseiten\freebasis\www.chefkoch.de\rs\s0\kürbis\Rezepte.html","Rezepte.html","NO_INCOMING_LINK"
"C:\Meine Webseiten\freebasis\www.chefkoch.de\rs\s0\leinöl\Rezepte.html","Rezepte.html","NO_INCOMING_LINK"
"C:\Meine Webseiten\freebasis\www.chefkoch.de\rs\s0\schwarz+weiß+gebäck\Rezepte.html","Rezepte.html","NO_INCOMING_LINK"
"C:\Meine Webseiten\freebasis\www.chefkoch.de\rs\s0t11\Getränk-Rezept.html","Getränk-Rezept.html","NO_INCOMING_LINK"
"C:\Meine Webseiten\freebasis\www.chefkoch.de\rs\s0t18\Gemüse-Rezept.html","Gemüse-Rezept.html","NO_INCOMING_LINK"
"C:\Meine Webseiten\freebasis\www.chefkoch.de\rs\s0t211\Studentenküche-Rezept.html","Studentenküche-Rezept.html","NO_INCOMING_LINK"
"C:\Meine Webseiten\freebasis\www.chefkoch.de\rs\s0t58\Geflügel-Rezept.html","Geflügel-Rezept.html","NO_INCOMING_LINK"
"C:\Meine Webseiten\freebasis\www.chefkoch.de\rs\s0t78\Frühling-Rezept.html","Frühling-Rezept.html","NO_INCOMING_LINK"
"C:\Meine Webseiten\freebasis\www.chefkoch.de\rs\s0t83\Käse-Rezept.html","Käse-Rezept.html","NO_INCOMING_LINK"
