"page","entity","frequency"
"C:\Meine Webseiten\freebasis\index.html","rezept","1"
"C:\Meine Webseiten\freebasis\index.html","kochen","1"
"C:\Meine Webseiten\freebasis\index.html","backen","1"
"C:\Meine Webseiten\freebasis\index.html","küche","0"
"C:\Meine Webseiten\freebasis\index.html","magazin","0"
"C:\Meine Webseiten\freebasis\index.html","ernährung","0"
"C:\Meine Webseiten\freebasis\index.html","gesundheit","0"
"C:\Meine Webseiten\freebasis\index.html","gemüse","0"
"C:\Meine Webseiten\freebasis\index.html","fleisch","0"
"C:\Meine Webseiten\freebasis\index.html","kuchen","0"
"C:\Meine Webseiten\freebasis\index.html","dessert","0"
"C:\Meine Webseiten\freebasis\www.chefkoch.de\index.html","rezept","260"
"C:\Meine Webseiten\freebasis\www.chefkoch.de\index.html","kochen","11"
"C:\Meine Webseiten\freebasis\www.chefkoch.de\index.html","backen","27"
"C:\Meine Webseiten\freebasis\www.chefkoch.de\index.html","küche","0"
"C:\Meine Webseiten\freebasis\www.chefkoch.de\index.html","magazin","124"
"C:\Meine Webseiten\freebasis\www.chefkoch.de\index.html","ernährung","0"
"C:\Meine Webseiten\freebasis\www.chefkoch.de\index.html","gesundheit","0"
"C:\Meine Webseiten\freebasis\www.chefkoch.de\index.html","gemüse","0"
"C:\Meine Webseiten\freebasis\www.chefkoch.de\index.html","fleisch","8"
"C:\Meine Webseiten\freebasis\www.chefkoch.de\index.html","kuchen","57"
"C:\Meine Webseiten\freebasis\www.chefkoch.de\index.html","dessert","2"
"C:\Meine Webseiten\freebasis\www.chefkoch.de\kochstars\thema-des-monats\märz-2023.html","rezept","15"
"C:\Meine Webseiten\freebasis\www.chefkoch.de\kochstars\thema-des-monats\märz-2023.html","kochen","2"
"C:\Meine Webseiten\freebasis\www.chefkoch.de\kochstars\thema-des-monats\märz-2023.html","backen","10"
"C:\Meine Webseiten\freebasis\www.chefkoch.de\kochstars\thema-des-monats\märz-2023.html","küche","0"
"C:\Meine Webseiten\freebasis\www.chefkoch.de\kochstars\thema-des-monats\märz-2023.html","magazin","47"
"C:\Meine Webseiten\freebasis\www.chefkoch.de\kochstars\thema-des-monats\märz-2023.html","ernährung","0"
"C:\Meine Webseiten\freebasis\www.chefkoch.de\kochstars\thema-des-monats\märz-2023.html","gesundheit","0"
"C:\Meine Webseiten\freebasis\www.chefkoch.de\kochstars\thema-des-monats\märz-2023.html","gemüse","0"
"C:\Meine Webseiten\freebasis\www.chefkoch.de\kochstars\thema-des-monats\märz-2023.html","fleisch","0"
"C:\Meine Webseiten\freebasis\www.chefkoch.de\kochstars\thema-des-monats\märz-2023.html","kuchen","0"
"C:\Meine Webseiten\freebasis\www.chefkoch.de\kochstars\thema-des-monats\märz-2023.html","dessert","0"
"C:\Meine Webseiten\freebasis\www.chefkoch.de\rs\s0\alkoholfreie+heiße+getränke\Rezepte.html","rezept","0"
"C:\Meine Webseiten\freebasis\www.chefkoch.de\rs\s0\alkoholfreie+heiße+getränke\Rezepte.html","kochen","0"
"C:\Meine Webseiten\freebasis\www.chefkoch.de\rs\s0\alkoholfreie+heiße+getränke\Rezepte.html","backen","0"
"C:\Meine Webseiten\freebasis\www.chefkoch.de\rs\s0\alkoholfreie+heiße+getränke\Rezepte.html","küche","0"
"C:\Meine Webseiten\freebasis\www.chefkoch.de\rs\s0\alkoholfreie+heiße+getränke\Rezepte.html","magazin","0"
"C:\Meine Webseiten\freebasis\www.chefkoch.de\rs\s0\alkoholfreie+heiße+getränke\Rezepte.html","ernährung","0"
"C:\Meine Webseiten\freebasis\www.chefkoch.de\rs\s0\alkoholfreie+heiße+getränke\Rezepte.html","gesundheit","0"
"C:\Meine Webseiten\freebasis\www.chefkoch.de\rs\s0\alkoholfreie+heiße+getränke\Rezepte.html","gemüse","0"
"C:\Meine Webseiten\freebasis\www.chefkoch.de\rs\s0\alkoholfreie+heiße+getränke\Rezepte.html","fleisch","0"
"C:\Meine Webseiten\freebasis\www.chefkoch.de\rs\s0\alkoholfreie+heiße+getränke\Rezepte.html","kuchen","0"
"C:\Meine Webseiten\freebasis\www.chefkoch.de\rs\s0\alkoholfreie+heiße+getränke\Rezepte.html","dessert","0"
"C:\Meine Webseiten\freebasis\www.chefkoch.de\rs\s0\auflauf+günstig\Rezepte.html","rezept","0"
"C:\Meine Webseiten\freebasis\www.chefkoch.de\rs\s0\auflauf+günstig\Rezepte.html","kochen","0"
"C:\Meine Webseiten\freebasis\www.chefkoch.de\rs\s0\auflauf+günstig\Rezepte.html","backen","0"
"C:\Meine Webseiten\freebasis\www.chefkoch.de\rs\s0\auflauf+günstig\Rezepte.html","küche","0"
"C:\Meine Webseiten\freebasis\www.chefkoch.de\rs\s0\auflauf+günstig\Rezepte.html","magazin","0"
"C:\Meine Webseiten\freebasis\www.chefkoch.de\rs\s0\auflauf+günstig\Rezepte.html","ernährung","0"
"C:\Meine Webseiten\freebasis\www.chefkoch.de\rs\s0\auflauf+günstig\Rezepte.html","gesundheit","0"
"C:\Meine Webseiten\freebasis\www.chefkoch.de\rs\s0\auflauf+günstig\Rezepte.html","gemüse","0"
"C:\Meine Webseiten\freebasis\www.chefkoch.de\rs\s0\auflauf+günstig\Rezepte.html","fleisch","0"
"C:\Meine Webseiten\freebasis\www.chefkoch.de\rs\s0\auflauf+günstig\Rezepte.html","kuchen","0"
"C:\Meine Webseiten\freebasis\www.chefkoch.de\rs\s0\auflauf+günstig\Rezepte.html","dessert","0"
"C:\Meine Webseiten\freebasis\www.chefkoch.de\rs\s0\backen+küchenmaschinen\Rezepte.html","rezept","0"
"C:\Meine Webseiten\freebasis\www.chefkoch.de\rs\s0\backen+küchenmaschinen\Rezepte.html","kochen","0"
"C:\Meine Webseiten\freebasis\www.chefkoch.de\rs\s0\backen+küchenmaschinen\Rezepte.html","backen","0"
"C:\Meine Webseiten\freebasis\www.chefkoch.de\rs\s0\backen+küchenmaschinen\Rezepte.html","küche","0"
"C:\Meine Webseiten\freebasis\www.chefkoch.de\rs\s0\backen+küchenmaschinen\Rezepte.html","magazin","0"
"C:\Meine Webseiten\freebasis\www.chefkoch.de\rs\s0\backen+küchenmaschinen\Rezepte.html","ernährung","0"
"C:\Meine Webseiten\freebasis\www.chefkoch.de\rs\s0\backen+küchenmaschinen\Rezepte.html","gesundheit","0"
"C:\Meine Webseiten\freebasis\www.chefkoch.de\rs\s0\backen+küchenmaschinen\Rezepte.html","gemüse","0"
"C:\Meine Webseiten\freebasis\www.chefkoch.de\rs\s0\backen+küchenmaschinen\Rezepte.html","fleisch","0"
"C:\Meine Webseiten\freebasis\www.chefkoch.de\rs\s0\backen+küchenmaschinen\Rezepte.html","kuchen","0"
"C:\Meine Webseiten\freebasis\www.chefkoch.de\rs\s0\backen+küchenmaschinen\Rezepte.html","dessert","0"
"C:\Meine Webseiten\freebasis\www.chefkoch.de\rs\s0\gemüsechips\Rezepte.html","rezept","0"
"C:\Meine Webseiten\freebasis\www.chefkoch.de\rs\s0\gemüsechips\Rezepte.html","kochen","0"
"C:\Meine Webseiten\freebasis\www.chefkoch.de\rs\s0\gemüsechips\Rezepte.html","backen","0"
"C:\Meine Webseiten\freebasis\www.chefkoch.de\rs\s0\gemüsechips\Rezepte.html","küche","0"
"C:\Meine Webseiten\freebasis\www.chefkoch.de\rs\s0\gemüsechips\Rezepte.html","magazin","0"
"C:\Meine Webseiten\freebasis\www.chefkoch.de\rs\s0\gemüsechips\Rezepte.html","ernährung","0"
"C:\Meine Webseiten\freebasis\www.chefkoch.de\rs\s0\gemüsechips\Rezepte.html","gesundheit","0"
"C:\Meine Webseiten\freebasis\www.chefkoch.de\rs\s0\gemüsechips\Rezepte.html","gemüse","0"
"C:\Meine Webseiten\freebasis\www.chefkoch.de\rs\s0\gemüsechips\Rezepte.html","fleisch","0"
"C:\Meine Webseiten\freebasis\www.chefkoch.de\rs\s0\gemüsechips\Rezepte.html","kuchen","0"
"C:\Meine Webseiten\freebasis\www.chefkoch.de\rs\s0\gemüsechips\Rezepte.html","dessert","0"
"C:\Meine Webseiten\freebasis\www.chefkoch.de\rs\s0\gewürzmandeln\Rezepte.html","rezept","0"
"C:\Meine Webseiten\freebasis\www.chefkoch.de\rs\s0\gewürzmandeln\Rezepte.html","kochen","0"
"C:\Meine Webseiten\freebasis\www.chefkoch.de\rs\s0\gewürzmandeln\Rezepte.html","backen","0"
"C:\Meine Webseiten\freebasis\www.chefkoch.de\rs\s0\gewürzmandeln\Rezepte.html","küche","0"
"C:\Meine Webseiten\freebasis\www.chefkoch.de\rs\s0\gewürzmandeln\Rezepte.html","magazin","0"
"C:\Meine Webseiten\freebasis\www.chefkoch.de\rs\s0\gewürzmandeln\Rezepte.html","ernährung","0"
"C:\Meine Webseiten\freebasis\www.chefkoch.de\rs\s0\gewürzmandeln\Rezepte.html","gesundheit","0"
"C:\Meine Webseiten\freebasis\www.chefkoch.de\rs\s0\gewürzmandeln\Rezepte.html","gemüse","0"
"C:\Meine Webseiten\freebasis\www.chefkoch.de\rs\s0\gewürzmandeln\Rezepte.html","fleisch","0"
"C:\Meine Webseiten\freebasis\www.chefkoch.de\rs\s0\gewürzmandeln\Rezepte.html","kuchen","0"
"C:\Meine Webseiten\freebasis\www.chefkoch.de\rs\s0\gewürzmandeln\Rezepte.html","dessert","0"
"C:\Meine Webseiten\freebasis\www.chefkoch.de\rs\s0\heißluftfritteuse\Rezepte.html","rezept","0"
"C:\Meine Webseiten\freebasis\www.chefkoch.de\rs\s0\heißluftfritteuse\Rezepte.html","kochen","0"
"C:\Meine Webseiten\freebasis\www.chefkoch.de\rs\s0\heißluftfritteuse\Rezepte.html","backen","0"
"C:\Meine Webseiten\freebasis\www.chefkoch.de\rs\s0\heißluftfritteuse\Rezepte.html","küche","0"
"C:\Meine Webseiten\freebasis\www.chefkoch.de\rs\s0\heißluftfritteuse\Rezepte.html","magazin","0"
"C:\Meine Webseiten\freebasis\www.chefkoch.de\rs\s0\heißluftfritteuse\Rezepte.html","ernährung","0"
"C:\Meine Webseiten\freebasis\www.chefkoch.de\rs\s0\heißluftfritteuse\Rezepte.html","gesundheit","0"
"C:\Meine Webseiten\freebasis\www.chefkoch.de\rs\s0\heißluftfritteuse\Rezepte.html","gemüse","0"
"C:\Meine Webseiten\freebasis\www.chefkoch.de\rs\s0\heißluftfritteuse\Rezepte.html","fleisch","0"
"C:\Meine Webseiten\freebasis\www.chefkoch.de\rs\s0\heißluftfritteuse\Rezepte.html","kuchen","0"
"C:\Meine Webseiten\freebasis\www.chefkoch.de\rs\s0\heißluftfritteuse\Rezepte.html","dessert","0"
"C:\Meine Webseiten\freebasis\www.chefkoch.de\rs\s0\hochzeit+beiträge\Rezepte.html","rezept","0"
"C:\Meine Webseiten\freebasis\www.chefkoch.de\rs\s0\hochzeit+beiträge\Rezepte.html","kochen","0"
"C:\Meine Webseiten\freebasis\www.chefkoch.de\rs\s0\hochzeit+beiträge\Rezepte.html","backen","0"
"C:\Meine Webseiten\freebasis\www.chefkoch.de\rs\s0\hochzeit+beiträge\Rezepte.html","küche","0"
"C:\Meine Webseiten\freebasis\www.chefkoch.de\rs\s0\hochzeit+beiträge\Rezepte.html","magazin","0"
"C:\Meine Webseiten\freebasis\www.chefkoch.de\rs\s0\hochzeit+beiträge\Rezepte.html","ernährung","0"
"C:\Meine Webseiten\freebasis\www.chefkoch.de\rs\s0\hochzeit+beiträge\Rezepte.html","gesundheit","0"
"C:\Meine Webseiten\freebasis\www.chefkoch.de\rs\s0\hochzeit+beiträge\Rezepte.html","gemüse","0"
"C:\Meine Webseiten\freebasis\www.chefkoch.de\rs\s0\hochzeit+beiträge\Rezepte.html","fleisch","0"
"C:\Meine Webseiten\freebasis\www.chefkoch.de\rs\s0\hochzeit+beiträge\Rezepte.html","kuchen","0"
"C:\Meine Webseiten\freebasis\www.chefkoch.de\rs\s0\hochzeit+beiträge\Rezepte.html","dessert","0"
"C:\Meine Webseiten\freebasis\www.chefkoch.de\rs\s0\küchenmaschine\Rezepte.html","rezept","0"
"C:\Meine Webseiten\freebasis\www.chefkoch.de\rs\s0\küchenmaschine\Rezepte.html","kochen","0"
"C:\Meine Webseiten\freebasis\www.chefkoch.de\rs\s0\küchenmaschine\Rezepte.html","backen","0"
"C:\Meine Webseiten\freebasis\www.chefkoch.de\rs\s0\küchenmaschine\Rezepte.html","küche","0"
"C:\Meine Webseiten\freebasis\www.chefkoch.de\rs\s0\küchenmaschine\Rezepte.html","magazin","0"
"C:\Meine Webseiten\freebasis\www.chefkoch.de\rs\s0\küchenmaschine\Rezepte.html","ernährung","0"
"C:\Meine Webseiten\freebasis\www.chefkoch.de\rs\s0\küchenmaschine\Rezepte.html","gesundheit","0"
"C:\Meine Webseiten\freebasis\www.chefkoch.de\rs\s0\küchenmaschine\Rezepte.html","gemüse","0"
"C:\Meine Webseiten\freebasis\www.chefkoch.de\rs\s0\küchenmaschine\Rezepte.html","fleisch","0"
"C:\Meine Webseiten\freebasis\www.chefkoch.de\rs\s0\küchenmaschine\Rezepte.html","kuchen","0"
"C:\Meine Webseiten\freebasis\www.chefkoch.de\rs\s0\küchenmaschine\Rezepte.html","dessert","0"
"C:\Meine Webseiten\freebasis\www.chefkoch.de\rs\s0\küchenmaschine+einfach\Rezepte.html","rezept","0"
"C:\Meine Webseiten\freebasis\www.chefkoch.de\rs\s0\küchenmaschine+einfach\Rezepte.html","kochen","0"
"C:\Meine Webseiten\freebasis\www.chefkoch.de\rs\s0\küchenmaschine+einfach\Rezepte.html","backen","0"
"C:\Meine Webseiten\freebasis\www.chefkoch.de\rs\s0\küchenmaschine+einfach\Rezepte.html","küche","0"
"C:\Meine Webseiten\freebasis\www.chefkoch.de\rs\s0\küchenmaschine+einfach\Rezepte.html","magazin","0"
"C:\Meine Webseiten\freebasis\www.chefkoch.de\rs\s0\küchenmaschine+einfach\Rezepte.html","ernährung","0"
"C:\Meine Webseiten\freebasis\www.chefkoch.de\rs\s0\küchenmaschine+einfach\Rezepte.html","gesundheit","0"
"C:\Meine Webseiten\freebasis\www.chefkoch.de\rs\s0\küchenmaschine+einfach\Rezepte.html","gemüse","0"
"C:\Meine Webseiten\freebasis\www.chefkoch.de\rs\s0\küchenmaschine+einfach\Rezepte.html","fleisch","0"
"C:\Meine Webseiten\freebasis\www.chefkoch.de\rs\s0\küchenmaschine+einfach\Rezepte.html","kuchen","0"
"C:\Meine Webseiten\freebasis\www.chefkoch.de\rs\s0\küchenmaschine+einfach\Rezepte.html","dessert","0"
"C:\Meine Webseiten\freebasis\www.chefkoch.de\rs\s0\kürbis\Rezepte.html","rezept","0"
"C:\Meine Webseiten\freebasis\www.chefkoch.de\rs\s0\kürbis\Rezepte.html","kochen","0"
"C:\Meine Webseiten\freebasis\www.chefkoch.de\rs\s0\kürbis\Rezepte.html","backen","0"
"C:\Meine Webseiten\freebasis\www.chefkoch.de\rs\s0\kürbis\Rezepte.html","küche","0"
"C:\Meine Webseiten\freebasis\www.chefkoch.de\rs\s0\kürbis\Rezepte.html","magazin","0"
"C:\Meine Webseiten\freebasis\www.chefkoch.de\rs\s0\kürbis\Rezepte.html","ernährung","0"
"C:\Meine Webseiten\freebasis\www.chefkoch.de\rs\s0\kürbis\Rezepte.html","gesundheit","0"
"C:\Meine Webseiten\freebasis\www.chefkoch.de\rs\s0\kürbis\Rezepte.html","gemüse","0"
"C:\Meine Webseiten\freebasis\www.chefkoch.de\rs\s0\kürbis\Rezepte.html","fleisch","0"
"C:\Meine Webseiten\freebasis\www.chefkoch.de\rs\s0\kürbis\Rezepte.html","kuchen","0"
"C:\Meine Webseiten\freebasis\www.chefkoch.de\rs\s0\kürbis\Rezepte.html","dessert","0"
"C:\Meine Webseiten\freebasis\www.chefkoch.de\rs\s0\leinöl\Rezepte.html","rezept","0"
"C:\Meine Webseiten\freebasis\www.chefkoch.de\rs\s0\leinöl\Rezepte.html","kochen","0"
"C:\Meine Webseiten\freebasis\www.chefkoch.de\rs\s0\leinöl\Rezepte.html","backen","0"
"C:\Meine Webseiten\freebasis\www.chefkoch.de\rs\s0\leinöl\Rezepte.html","küche","0"
"C:\Meine Webseiten\freebasis\www.chefkoch.de\rs\s0\leinöl\Rezepte.html","magazin","0"
"C:\Meine Webseiten\freebasis\www.chefkoch.de\rs\s0\leinöl\Rezepte.html","ernährung","0"
"C:\Meine Webseiten\freebasis\www.chefkoch.de\rs\s0\leinöl\Rezepte.html","gesundheit","0"
"C:\Meine Webseiten\freebasis\www.chefkoch.de\rs\s0\leinöl\Rezepte.html","gemüse","0"
"C:\Meine Webseiten\freebasis\www.chefkoch.de\rs\s0\leinöl\Rezepte.html","fleisch","0"
"C:\Meine Webseiten\freebasis\www.chefkoch.de\rs\s0\leinöl\Rezepte.html","kuchen","0"
"C:\Meine Webseiten\freebasis\www.chefkoch.de\rs\s0\leinöl\Rezepte.html","dessert","0"
"C:\Meine Webseiten\freebasis\www.chefkoch.de\rs\s0\schwarz+weiß+gebäck\Rezepte.html","rezept","0"
"C:\Meine Webseiten\freebasis\www.chefkoch.de\rs\s0\schwarz+weiß+gebäck\Rezepte.html","kochen","0"
"C:\Meine Webseiten\freebasis\www.chefkoch.de\rs\s0\schwarz+weiß+gebäck\Rezepte.html","backen","0"
"C:\Meine Webseiten\freebasis\www.chefkoch.de\rs\s0\schwarz+weiß+gebäck\Rezepte.html","küche","0"
"C:\Meine Webseiten\freebasis\www.chefkoch.de\rs\s0\schwarz+weiß+gebäck\Rezepte.html","magazin","0"
"C:\Meine Webseiten\freebasis\www.chefkoch.de\rs\s0\schwarz+weiß+gebäck\Rezepte.html","ernährung","0"
"C:\Meine Webseiten\freebasis\www.chefkoch.de\rs\s0\schwarz+weiß+gebäck\Rezepte.html","gesundheit","0"
"C:\Meine Webseiten\freebasis\www.chefkoch.de\rs\s0\schwarz+weiß+gebäck\Rezepte.html","gemüse","0"
"C:\Meine Webseiten\freebasis\www.chefkoch.de\rs\s0\schwarz+weiß+gebäck\Rezepte.html","fleisch","0"
"C:\Meine Webseiten\freebasis\www.chefkoch.de\rs\s0\schwarz+weiß+gebäck\Rezepte.html","kuchen","0"
"C:\Meine Webseiten\freebasis\www.chefkoch.de\rs\s0\schwarz+weiß+gebäck\Rezepte.html","dessert","0"
"C:\Meine Webseiten\freebasis\www.chefkoch.de\rs\s0t11\Getränk-Rezept.html","rezept","0"
"C:\Meine Webseiten\freebasis\www.chefkoch.de\rs\s0t11\Getränk-Rezept.html","kochen","0"
"C:\Meine Webseiten\freebasis\www.chefkoch.de\rs\s0t11\Getränk-Rezept.html","backen","0"
"C:\Meine Webseiten\freebasis\www.chefkoch.de\rs\s0t11\Getränk-Rezept.html","küche","0"
"C:\Meine Webseiten\freebasis\www.chefkoch.de\rs\s0t11\Getränk-Rezept.html","magazin","0"
"C:\Meine Webseiten\freebasis\www.chefkoch.de\rs\s0t11\Getränk-Rezept.html","ernährung","0"
"C:\Meine Webseiten\freebasis\www.chefkoch.de\rs\s0t11\Getränk-Rezept.html","gesundheit","0"
"C:\Meine Webseiten\freebasis\www.chefkoch.de\rs\s0t11\Getränk-Rezept.html","gemüse","0"
"C:\Meine Webseiten\freebasis\www.chefkoch.de\rs\s0t11\Getränk-Rezept.html","fleisch","0"
"C:\Meine Webseiten\freebasis\www.chefkoch.de\rs\s0t11\Getränk-Rezept.html","kuchen","0"
"C:\Meine Webseiten\freebasis\www.chefkoch.de\rs\s0t11\Getränk-Rezept.html","dessert","0"
"C:\Meine Webseiten\freebasis\www.chefkoch.de\rs\s0t18\Gemüse-Rezept.html","rezept","0"
"C:\Meine Webseiten\freebasis\www.chefkoch.de\rs\s0t18\Gemüse-Rezept.html","kochen","0"
"C:\Meine Webseiten\freebasis\www.chefkoch.de\rs\s0t18\Gemüse-Rezept.html","backen","0"
"C:\Meine Webseiten\freebasis\www.chefkoch.de\rs\s0t18\Gemüse-Rezept.html","küche","0"
"C:\Meine Webseiten\freebasis\www.chefkoch.de\rs\s0t18\Gemüse-Rezept.html","magazin","0"
"C:\Meine Webseiten\freebasis\www.chefkoch.de\rs\s0t18\Gemüse-Rezept.html","ernährung","0"
"C:\Meine Webseiten\freebasis\www.chefkoch.de\rs\s0t18\Gemüse-Rezept.html","gesundheit","0"
"C:\Meine Webseiten\freebasis\www.chefkoch.de\rs\s0t18\Gemüse-Rezept.html","gemüse","0"
"C:\Meine Webseiten\freebasis\www.chefkoch.de\rs\s0t18\Gemüse-Rezept.html","fleisch","0"
"C:\Meine Webseiten\freebasis\www.chefkoch.de\rs\s0t18\Gemüse-Rezept.html","kuchen","0"
"C:\Meine Webseiten\freebasis\www.chefkoch.de\rs\s0t18\Gemüse-Rezept.html","dessert","0"
"C:\Meine Webseiten\freebasis\www.chefkoch.de\rs\s0t211\Studentenküche-Rezept.html","rezept","0"
"C:\Meine Webseiten\freebasis\www.chefkoch.de\rs\s0t211\Studentenküche-Rezept.html","kochen","0"
"C:\Meine Webseiten\freebasis\www.chefkoch.de\rs\s0t211\Studentenküche-Rezept.html","backen","0"
"C:\Meine Webseiten\freebasis\www.chefkoch.de\rs\s0t211\Studentenküche-Rezept.html","küche","0"
"C:\Meine Webseiten\freebasis\www.chefkoch.de\rs\s0t211\Studentenküche-Rezept.html","magazin","0"
"C:\Meine Webseiten\freebasis\www.chefkoch.de\rs\s0t211\Studentenküche-Rezept.html","ernährung","0"
"C:\Meine Webseiten\freebasis\www.chefkoch.de\rs\s0t211\Studentenküche-Rezept.html","gesundheit","0"
"C:\Meine Webseiten\freebasis\www.chefkoch.de\rs\s0t211\Studentenküche-Rezept.html","gemüse","0"
"C:\Meine Webseiten\freebasis\www.chefkoch.de\rs\s0t211\Studentenküche-Rezept.html","fleisch","0"
"C:\Meine Webseiten\freebasis\www.chefkoch.de\rs\s0t211\Studentenküche-Rezept.html","kuchen","0"
"C:\Meine Webseiten\freebasis\www.chefkoch.de\rs\s0t211\Studentenküche-Rezept.html","dessert","0"
"C:\Meine Webseiten\freebasis\www.chefkoch.de\rs\s0t58\Geflügel-Rezept.html","rezept","0"
"C:\Meine Webseiten\freebasis\www.chefkoch.de\rs\s0t58\Geflügel-Rezept.html","kochen","0"
"C:\Meine Webseiten\freebasis\www.chefkoch.de\rs\s0t58\Geflügel-Rezept.html","backen","0"
"C:\Meine Webseiten\freebasis\www.chefkoch.de\rs\s0t58\Geflügel-Rezept.html","küche","0"
"C:\Meine Webseiten\freebasis\www.chefkoch.de\rs\s0t58\Geflügel-Rezept.html","magazin","0"
"C:\Meine Webseiten\freebasis\www.chefkoch.de\rs\s0t58\Geflügel-Rezept.html","ernährung","0"
"C:\Meine Webseiten\freebasis\www.chefkoch.de\rs\s0t58\Geflügel-Rezept.html","gesundheit","0"
"C:\Meine Webseiten\freebasis\www.chefkoch.de\rs\s0t58\Geflügel-Rezept.html","gemüse","0"
"C:\Meine Webseiten\freebasis\www.chefkoch.de\rs\s0t58\Geflügel-Rezept.html","fleisch","0"
"C:\Meine Webseiten\freebasis\www.chefkoch.de\rs\s0t58\Geflügel-Rezept.html","kuchen","0"
"C:\Meine Webseiten\freebasis\www.chefkoch.de\rs\s0t58\Geflügel-Rezept.html","dessert","0"
"C:\Meine Webseiten\freebasis\www.chefkoch.de\rs\s0t78\Frühling-Rezept.html","rezept","0"
"C:\Meine Webseiten\freebasis\www.chefkoch.de\rs\s0t78\Frühling-Rezept.html","kochen","0"
"C:\Meine Webseiten\freebasis\www.chefkoch.de\rs\s0t78\Frühling-Rezept.html","backen","0"
"C:\Meine Webseiten\freebasis\www.chefkoch.de\rs\s0t78\Frühling-Rezept.html","küche","0"
"C:\Meine Webseiten\freebasis\www.chefkoch.de\rs\s0t78\Frühling-Rezept.html","magazin","0"
"C:\Meine Webseiten\freebasis\www.chefkoch.de\rs\s0t78\Frühling-Rezept.html","ernährung","0"
"C:\Meine Webseiten\freebasis\www.chefkoch.de\rs\s0t78\Frühling-Rezept.html","gesundheit","0"
"C:\Meine Webseiten\freebasis\www.chefkoch.de\rs\s0t78\Frühling-Rezept.html","gemüse","0"
"C:\Meine Webseiten\freebasis\www.chefkoch.de\rs\s0t78\Frühling-Rezept.html","fleisch","0"
"C:\Meine Webseiten\freebasis\www.chefkoch.de\rs\s0t78\Frühling-Rezept.html","kuchen","0"
"C:\Meine Webseiten\freebasis\www.chefkoch.de\rs\s0t78\Frühling-Rezept.html","dessert","0"
"C:\Meine Webseiten\freebasis\www.chefkoch.de\rs\s0t83\Käse-Rezept.html","rezept","0"
"C:\Meine Webseiten\freebasis\www.chefkoch.de\rs\s0t83\Käse-Rezept.html","kochen","0"
"C:\Meine Webseiten\freebasis\www.chefkoch.de\rs\s0t83\Käse-Rezept.html","backen","0"
"C:\Meine Webseiten\freebasis\www.chefkoch.de\rs\s0t83\Käse-Rezept.html","küche","0"
"C:\Meine Webseiten\freebasis\www.chefkoch.de\rs\s0t83\Käse-Rezept.html","magazin","0"
"C:\Meine Webseiten\freebasis\www.chefkoch.de\rs\s0t83\Käse-Rezept.html","ernährung","0"
"C:\Meine Webseiten\freebasis\www.chefkoch.de\rs\s0t83\Käse-Rezept.html","gesundheit","0"
"C:\Meine Webseiten\freebasis\www.chefkoch.de\rs\s0t83\Käse-Rezept.html","gemüse","0"
"C:\Meine Webseiten\freebasis\www.chefkoch.de\rs\s0t83\Käse-Rezept.html","fleisch","0"
"C:\Meine Webseiten\freebasis\www.chefkoch.de\rs\s0t83\Käse-Rezept.html","kuchen","0"
"C:\Meine Webseiten\freebasis\www.chefkoch.de\rs\s0t83\Käse-Rezept.html","dessert","0"
