"source","type","trust_signal"
"www.w3.org","EXTERNAL_REFERENCE","YES"
"img.chefkoch-cdn.de","EXTERNAL_REFERENCE","YES"
"img.chefkoch-cdn.de","EXTERNAL_REFERENCE","YES"
"img.chefkoch-cdn.de","EXTERNAL_REFERENCE","YES"
"img.chefkoch-cdn.de","EXTERNAL_REFERENCE","YES"
"img.chefkoch-cdn.de","EXTERNAL_REFERENCE","YES"
"img.chefkoch-cdn.de","EXTERNAL_REFERENCE","YES"
"img.chefkoch-cdn.de","EXTERNAL_REFERENCE","YES"
"img.chefkoch-cdn.de","EXTERNAL_REFERENCE","YES"
"img.chefkoch-cdn.de","EXTERNAL_REFERENCE","YES"
"img.chefkoch-cdn.de","EXTERNAL_REFERENCE","YES"
"img.chefkoch-cdn.de","EXTERNAL_REFERENCE","YES"
"img.chefkoch-cdn.de","EXTERNAL_REFERENCE","YES"
"www.w3.org","EXTERNAL_REFERENCE","YES"
"img.chefkoch-cdn.de","EXTERNAL_REFERENCE","YES"
"img.chefkoch-cdn.de","EXTERNAL_REFERENCE","YES"
"www.w3.org","EXTERNAL_REFERENCE","YES"
"www.w3.org","EXTERNAL_REFERENCE","YES"
"img.chefkoch-cdn.de","EXTERNAL_REFERENCE","YES"
"img.chefkoch-cdn.de","EXTERNAL_REFERENCE","YES"
"www.w3.org","EXTERNAL_REFERENCE","YES"
"img.chefkoch-cdn.de","EXTERNAL_REFERENCE","YES"
"img.chefkoch-cdn.de","EXTERNAL_REFERENCE","YES"
"img.chefkoch-cdn.de","EXTERNAL_REFERENCE","YES"
"schema.org","EXTERNAL_REFERENCE","YES"
"www.chefkoch.de","EXTERNAL_REFERENCE","YES"
"www.chefkoch.de","EXTERNAL_REFERENCE","YES"
"img.chefkoch-cdn.de","EXTERNAL_REFERENCE","YES"
"www.facebook.com","EXTERNAL_REFERENCE","YES"
"www.instagram.com","EXTERNAL_REFERENCE","YES"
"youtube.com","EXTERNAL_REFERENCE","YES"
"de.pinterest.com","EXTERNAL_REFERENCE","YES"
"www.tiktok.com","EXTERNAL_REFERENCE","YES"
"www.chefkoch.de","EXTERNAL_REFERENCE","YES"
"www.chefkoch.de","EXTERNAL_REFERENCE","YES"
"www.chefkoch.de","EXTERNAL_REFERENCE","YES"
"www.chefkoch.de","EXTERNAL_REFERENCE","YES"
"www.chefkoch.de","EXTERNAL_REFERENCE","YES"
"www.chefkoch.de","EXTERNAL_REFERENCE","YES"
"www.chefkoch.de","EXTERNAL_REFERENCE","YES"
"www.chefkoch.de","EXTERNAL_REFERENCE","YES"
"www.chefkoch.de","EXTERNAL_REFERENCE","YES"
"www.chefkoch.de","EXTERNAL_REFERENCE","YES"
"www.chefkoch.de","EXTERNAL_REFERENCE","YES"
"www.chefkoch.de","EXTERNAL_REFERENCE","YES"
"www.chefkoch.de","EXTERNAL_REFERENCE","YES"
"www.chefkoch.de","EXTERNAL_REFERENCE","YES"
"www.chefkoch.de","EXTERNAL_REFERENCE","YES"
"www.chefkoch.de","EXTERNAL_REFERENCE","YES"
"www.chefkoch.de","EXTERNAL_REFERENCE","YES"
"www.chefkoch.de","EXTERNAL_REFERENCE","YES"
"www.chefkoch.de","EXTERNAL_REFERENCE","YES"
"www.chefkoch.de","EXTERNAL_REFERENCE","YES"
"www.chefkoch.de","EXTERNAL_REFERENCE","YES"
"img.chefkoch-cdn.de","EXTERNAL_REFERENCE","YES"
"img.chefkoch-cdn.de","EXTERNAL_REFERENCE","YES"
"www.chefkoch.de","EXTERNAL_REFERENCE","YES"
"www.chefkoch.de","EXTERNAL_REFERENCE","YES"
"www.chefkoch.de","EXTERNAL_REFERENCE","YES"
"www.chefkoch.de","EXTERNAL_REFERENCE","YES"
"www.chefkoch.de","EXTERNAL_REFERENCE","YES"
"www.chefkoch.de","EXTERNAL_REFERENCE","YES"
"www.chefkoch.de","EXTERNAL_REFERENCE","YES"
"www.chefkoch.de","EXTERNAL_REFERENCE","YES"
"img.chefkoch-cdn.de","EXTERNAL_REFERENCE","YES"
"img.chefkoch-cdn.de","EXTERNAL_REFERENCE","YES"
"img.chefkoch-cdn.de","EXTERNAL_REFERENCE","YES"
"img.chefkoch-cdn.de","EXTERNAL_REFERENCE","YES"
"img.chefkoch-cdn.de","EXTERNAL_REFERENCE","YES"
"img.chefkoch-cdn.de","EXTERNAL_REFERENCE","YES"
"www.chefkoch.de","EXTERNAL_REFERENCE","YES"
"img.chefkoch-cdn.de","EXTERNAL_REFERENCE","YES"
"img.chefkoch-cdn.de","EXTERNAL_REFERENCE","YES"
"img.chefkoch-cdn.de","EXTERNAL_REFERENCE","YES"
"img.chefkoch-cdn.de","EXTERNAL_REFERENCE","YES"
"img.chefkoch-cdn.de","EXTERNAL_REFERENCE","YES"
"img.chefkoch-cdn.de","EXTERNAL_REFERENCE","YES"
"img.chefkoch-cdn.de","EXTERNAL_REFERENCE","YES"
"img.chefkoch-cdn.de","EXTERNAL_REFERENCE","YES"
"img.chefkoch-cdn.de","EXTERNAL_REFERENCE","YES"
"img.chefkoch-cdn.de","EXTERNAL_REFERENCE","YES"
"img.chefkoch-cdn.de","EXTERNAL_REFERENCE","YES"
"img.chefkoch-cdn.de","EXTERNAL_REFERENCE","YES"
"img.chefkoch-cdn.de","EXTERNAL_REFERENCE","YES"
"img.chefkoch-cdn.de","EXTERNAL_REFERENCE","YES"
"img.chefkoch-cdn.de","EXTERNAL_REFERENCE","YES"
"img.chefkoch-cdn.de","EXTERNAL_REFERENCE","YES"
"img.chefkoch-cdn.de","EXTERNAL_REFERENCE","YES"
"img.chefkoch-cdn.de","EXTERNAL_REFERENCE","YES"
"img.chefkoch-cdn.de","EXTERNAL_REFERENCE","YES"
"www.w3.org","EXTERNAL_REFERENCE","YES"
"img.chefkoch-cdn.de","EXTERNAL_REFERENCE","YES"
"img.chefkoch-cdn.de","EXTERNAL_REFERENCE","YES"
"img.chefkoch-cdn.de","EXTERNAL_REFERENCE","YES"
"spark.cloud.funkedigital.de","EXTERNAL_REFERENCE","YES"
"www.funkemedien.de","EXTERNAL_REFERENCE","YES"
"www.w3.org","EXTERNAL_REFERENCE","YES"
"www.chefkoch.de","EXTERNAL_REFERENCE","YES"
"www.w3.org","EXTERNAL_REFERENCE","YES"
"www.chefkoch.de","EXTERNAL_REFERENCE","YES"
"www.chefkoch.de","EXTERNAL_REFERENCE","YES"
"www.chefkoch.de","EXTERNAL_REFERENCE","YES"
"www.w3.org","EXTERNAL_REFERENCE","YES"
"www.chefkoch.de","EXTERNAL_REFERENCE","YES"
"www.chefkoch.de","EXTERNAL_REFERENCE","YES"
"www.chefkoch.de","EXTERNAL_REFERENCE","YES"
"www.chefkoch.de","EXTERNAL_REFERENCE","YES"
"www.chefkoch.de","EXTERNAL_REFERENCE","YES"
"www.chefkoch.de","EXTERNAL_REFERENCE","YES"
"www.chefkoch.de","EXTERNAL_REFERENCE","YES"
"www.chefkoch.de","EXTERNAL_REFERENCE","YES"
"img.chefkoch-cdn.de","EXTERNAL_REFERENCE","YES"
"img.chefkoch-cdn.de","EXTERNAL_REFERENCE","YES"
"img.chefkoch-cdn.de","EXTERNAL_REFERENCE","YES"
"www.chefkoch.de","EXTERNAL_REFERENCE","YES"
"www.chefkoch.de","EXTERNAL_REFERENCE","YES"
"www.chefkoch.de","EXTERNAL_REFERENCE","YES"
"www.chefkoch.de","EXTERNAL_REFERENCE","YES"
"www.chefkoch.de","EXTERNAL_REFERENCE","YES"
"www.chefkoch.de","EXTERNAL_REFERENCE","YES"
"www.chefkoch.de","EXTERNAL_REFERENCE","YES"
"www.chefkoch.de","EXTERNAL_REFERENCE","YES"
"www.chefkoch.de","EXTERNAL_REFERENCE","YES"
"www.chefkoch.de","EXTERNAL_REFERENCE","YES"
"www.chefkoch.de","EXTERNAL_REFERENCE","YES"
"api.chefkoch.de","EXTERNAL_REFERENCE","YES"
"www.chefkoch.de","EXTERNAL_REFERENCE","YES"
"api.chefkoch.de","EXTERNAL_REFERENCE","YES"
"www.chefkoch.de","EXTERNAL_REFERENCE","YES"
"api.chefkoch.de","EXTERNAL_REFERENCE","YES"
"www.chefkoch.de","EXTERNAL_REFERENCE","YES"
"www.chefkoch.de","EXTERNAL_REFERENCE","YES"
"www.chefkoch.de","EXTERNAL_REFERENCE","YES"
"www.chefkoch.de","EXTERNAL_REFERENCE","YES"
"www.chefkoch.de","EXTERNAL_REFERENCE","YES"
"www.chefkoch.de","EXTERNAL_REFERENCE","YES"
"www.chefkoch.de","EXTERNAL_REFERENCE","YES"
"www.chefkoch.de","EXTERNAL_REFERENCE","YES"
"www.chefkoch.de","EXTERNAL_REFERENCE","YES"
"www.chefkoch.de","EXTERNAL_REFERENCE","YES"
"www.chefkoch.de","EXTERNAL_REFERENCE","YES"
"www.chefkoch.de","EXTERNAL_REFERENCE","YES"
"www.chefkoch.de","EXTERNAL_REFERENCE","YES"
"www.chefkoch.de","EXTERNAL_REFERENCE","YES"
"www.chefkoch.de","EXTERNAL_REFERENCE","YES"
"www.chefkoch.de","EXTERNAL_REFERENCE","YES"
"www.chefkoch.de","EXTERNAL_REFERENCE","YES"
"www.chefkoch.de","EXTERNAL_REFERENCE","YES"
"www.chefkoch.de","EXTERNAL_REFERENCE","YES"
"www.chefkoch.de","EXTERNAL_REFERENCE","YES"
"www.chefkoch.de","EXTERNAL_REFERENCE","YES"
"www.chefkoch.de","EXTERNAL_REFERENCE","YES"
"img.chefkoch-cdn.de","EXTERNAL_REFERENCE","YES"
"img.chefkoch-cdn.de","EXTERNAL_REFERENCE","YES"
"img.chefkoch-cdn.de","EXTERNAL_REFERENCE","YES"
"img.chefkoch-cdn.de","EXTERNAL_REFERENCE","YES"
"img.chefkoch-cdn.de","EXTERNAL_REFERENCE","YES"
"www.chefkoch.de","EXTERNAL_REFERENCE","YES"
"img.chefkoch-cdn.de","EXTERNAL_REFERENCE","YES"
"img.chefkoch-cdn.de","EXTERNAL_REFERENCE","YES"
"img.chefkoch-cdn.de","EXTERNAL_REFERENCE","YES"
"img.chefkoch-cdn.de","EXTERNAL_REFERENCE","YES"
"img.chefkoch-cdn.de","EXTERNAL_REFERENCE","YES"
"www.chefkoch.de","EXTERNAL_REFERENCE","YES"
"img.chefkoch-cdn.de","EXTERNAL_REFERENCE","YES"
"img.chefkoch-cdn.de","EXTERNAL_REFERENCE","YES"
"img.chefkoch-cdn.de","EXTERNAL_REFERENCE","YES"
"img.chefkoch-cdn.de","EXTERNAL_REFERENCE","YES"
"img.chefkoch-cdn.de","EXTERNAL_REFERENCE","YES"
"www.chefkoch.de","EXTERNAL_REFERENCE","YES"
"www.chefkoch.de","EXTERNAL_REFERENCE","YES"
"www.chefkoch.de","EXTERNAL_REFERENCE","YES"
"www.chefkoch.de","EXTERNAL_REFERENCE","YES"
"www.chefkoch.de","EXTERNAL_REFERENCE","YES"
"www.chefkoch.de","EXTERNAL_REFERENCE","YES"
"www.chefkoch.de","EXTERNAL_REFERENCE","YES"
"www.chefkoch.de","EXTERNAL_REFERENCE","YES"
"www.chefkoch.de","EXTERNAL_REFERENCE","YES"
"img.chefkoch-cdn.de","EXTERNAL_REFERENCE","YES"
"img.chefkoch-cdn.de","EXTERNAL_REFERENCE","YES"
"img.chefkoch-cdn.de","EXTERNAL_REFERENCE","YES"
"www.chefkoch.de","EXTERNAL_REFERENCE","YES"
"img.chefkoch-cdn.de","EXTERNAL_REFERENCE","YES"
"img.chefkoch-cdn.de","EXTERNAL_REFERENCE","YES"
"www.w3.org","EXTERNAL_REFERENCE","YES"
"www.chefkoch.de","EXTERNAL_REFERENCE","YES"
"img.chefkoch-cdn.de","EXTERNAL_REFERENCE","YES"
"img.chefkoch-cdn.de","EXTERNAL_REFERENCE","YES"
"www.w3.org","EXTERNAL_REFERENCE","YES"
"www.chefkoch.de","EXTERNAL_REFERENCE","YES"
"img.chefkoch-cdn.de","EXTERNAL_REFERENCE","YES"
"img.chefkoch-cdn.de","EXTERNAL_REFERENCE","YES"
"www.w3.org","EXTERNAL_REFERENCE","YES"
"www.chefkoch.de","EXTERNAL_REFERENCE","YES"
"img.chefkoch-cdn.de","EXTERNAL_REFERENCE","YES"
"img.chefkoch-cdn.de","EXTERNAL_REFERENCE","YES"
"www.w3.org","EXTERNAL_REFERENCE","YES"
"www.chefkoch.de","EXTERNAL_REFERENCE","YES"
"img.chefkoch-cdn.de","EXTERNAL_REFERENCE","YES"
"img.chefkoch-cdn.de","EXTERNAL_REFERENCE","YES"
"www.w3.org","EXTERNAL_REFERENCE","YES"
"www.chefkoch.de","EXTERNAL_REFERENCE","YES"
"img.chefkoch-cdn.de","EXTERNAL_REFERENCE","YES"
"img.chefkoch-cdn.de","EXTERNAL_REFERENCE","YES"
"www.w3.org","EXTERNAL_REFERENCE","YES"
"www.chefkoch.de","EXTERNAL_REFERENCE","YES"
"img.chefkoch-cdn.de","EXTERNAL_REFERENCE","YES"
"img.chefkoch-cdn.de","EXTERNAL_REFERENCE","YES"
"www.w3.org","EXTERNAL_REFERENCE","YES"
"www.chefkoch.de","EXTERNAL_REFERENCE","YES"
"img.chefkoch-cdn.de","EXTERNAL_REFERENCE","YES"
"img.chefkoch-cdn.de","EXTERNAL_REFERENCE","YES"
"www.w3.org","EXTERNAL_REFERENCE","YES"
"plus.chefkoch.de","EXTERNAL_REFERENCE","YES"
"img.chefkoch-cdn.de","EXTERNAL_REFERENCE","YES"
"img.chefkoch-cdn.de","EXTERNAL_REFERENCE","YES"
"www.w3.org","EXTERNAL_REFERENCE","YES"
"listening.sslsurvey.de","EXTERNAL_REFERENCE","YES"
"img.chefkoch-cdn.de","EXTERNAL_REFERENCE","YES"
"img.chefkoch-cdn.de","EXTERNAL_REFERENCE","YES"
"www.w3.org","EXTERNAL_REFERENCE","YES"
"www.chefkoch.de","EXTERNAL_REFERENCE","YES"
"img.chefkoch-cdn.de","EXTERNAL_REFERENCE","YES"
"www.chefkoch.de","EXTERNAL_REFERENCE","YES"
"img.chefkoch-cdn.de","EXTERNAL_REFERENCE","YES"
"kochkurse.chefkoch.de","EXTERNAL_REFERENCE","YES"
"img.chefkoch-cdn.de","EXTERNAL_REFERENCE","YES"
"www.chefkoch.de","EXTERNAL_REFERENCE","YES"
"img.chefkoch-cdn.de","EXTERNAL_REFERENCE","YES"
"www.chefkoch.de","EXTERNAL_REFERENCE","YES"
"img.chefkoch-cdn.de","EXTERNAL_REFERENCE","YES"
"www.chefkoch.de","EXTERNAL_REFERENCE","YES"
"img.chefkoch-cdn.de","EXTERNAL_REFERENCE","YES"
"img.chefkoch-cdn.de","EXTERNAL_REFERENCE","YES"
"img.chefkoch-cdn.de","EXTERNAL_REFERENCE","YES"
"img.chefkoch-cdn.de","EXTERNAL_REFERENCE","YES"
"img.chefkoch-cdn.de","EXTERNAL_REFERENCE","YES"
"www.chefkoch.de","EXTERNAL_REFERENCE","YES"
"img.chefkoch-cdn.de","EXTERNAL_REFERENCE","YES"
"img.chefkoch-cdn.de","EXTERNAL_REFERENCE","YES"
"img.chefkoch-cdn.de","EXTERNAL_REFERENCE","YES"
"img.chefkoch-cdn.de","EXTERNAL_REFERENCE","YES"
"img.chefkoch-cdn.de","EXTERNAL_REFERENCE","YES"
"www.chefkoch.de","EXTERNAL_REFERENCE","YES"
"img.chefkoch-cdn.de","EXTERNAL_REFERENCE","YES"
"img.chefkoch-cdn.de","EXTERNAL_REFERENCE","YES"
"img.chefkoch-cdn.de","EXTERNAL_REFERENCE","YES"
"img.chefkoch-cdn.de","EXTERNAL_REFERENCE","YES"
"img.chefkoch-cdn.de","EXTERNAL_REFERENCE","YES"
"www.chefkoch.de","EXTERNAL_REFERENCE","YES"
"www.chefkoch.de","EXTERNAL_REFERENCE","YES"
"img.chefkoch-cdn.de","EXTERNAL_REFERENCE","YES"
"img.chefkoch-cdn.de","EXTERNAL_REFERENCE","YES"
"img.chefkoch-cdn.de","EXTERNAL_REFERENCE","YES"
"img.chefkoch-cdn.de","EXTERNAL_REFERENCE","YES"
"img.chefkoch-cdn.de","EXTERNAL_REFERENCE","YES"
"www.chefkoch.de","EXTERNAL_REFERENCE","YES"
"img.chefkoch-cdn.de","EXTERNAL_REFERENCE","YES"
"img.chefkoch-cdn.de","EXTERNAL_REFERENCE","YES"
"img.chefkoch-cdn.de","EXTERNAL_REFERENCE","YES"
"img.chefkoch-cdn.de","EXTERNAL_REFERENCE","YES"
"img.chefkoch-cdn.de","EXTERNAL_REFERENCE","YES"
"www.chefkoch.de","EXTERNAL_REFERENCE","YES"
"img.chefkoch-cdn.de","EXTERNAL_REFERENCE","YES"
"img.chefkoch-cdn.de","EXTERNAL_REFERENCE","YES"
"img.chefkoch-cdn.de","EXTERNAL_REFERENCE","YES"
"img.chefkoch-cdn.de","EXTERNAL_REFERENCE","YES"
"img.chefkoch-cdn.de","EXTERNAL_REFERENCE","YES"
"www.chefkoch.de","EXTERNAL_REFERENCE","YES"
"img.chefkoch-cdn.de","EXTERNAL_REFERENCE","YES"
"img.chefkoch-cdn.de","EXTERNAL_REFERENCE","YES"
"img.chefkoch-cdn.de","EXTERNAL_REFERENCE","YES"
"img.chefkoch-cdn.de","EXTERNAL_REFERENCE","YES"
"img.chefkoch-cdn.de","EXTERNAL_REFERENCE","YES"
"www.chefkoch.de","EXTERNAL_REFERENCE","YES"
"img.chefkoch-cdn.de","EXTERNAL_REFERENCE","YES"
"img.chefkoch-cdn.de","EXTERNAL_REFERENCE","YES"
"img.chefkoch-cdn.de","EXTERNAL_REFERENCE","YES"
"img.chefkoch-cdn.de","EXTERNAL_REFERENCE","YES"
"img.chefkoch-cdn.de","EXTERNAL_REFERENCE","YES"
"www.chefkoch.de","EXTERNAL_REFERENCE","YES"
"img.chefkoch-cdn.de","EXTERNAL_REFERENCE","YES"
"img.chefkoch-cdn.de","EXTERNAL_REFERENCE","YES"
"img.chefkoch-cdn.de","EXTERNAL_REFERENCE","YES"
"img.chefkoch-cdn.de","EXTERNAL_REFERENCE","YES"
"img.chefkoch-cdn.de","EXTERNAL_REFERENCE","YES"
"www.chefkoch.de","EXTERNAL_REFERENCE","YES"
"img.chefkoch-cdn.de","EXTERNAL_REFERENCE","YES"
"img.chefkoch-cdn.de","EXTERNAL_REFERENCE","YES"
"img.chefkoch-cdn.de","EXTERNAL_REFERENCE","YES"
"img.chefkoch-cdn.de","EXTERNAL_REFERENCE","YES"
"img.chefkoch-cdn.de","EXTERNAL_REFERENCE","YES"
"www.chefkoch.de","EXTERNAL_REFERENCE","YES"
"img.chefkoch-cdn.de","EXTERNAL_REFERENCE","YES"
"img.chefkoch-cdn.de","EXTERNAL_REFERENCE","YES"
"img.chefkoch-cdn.de","EXTERNAL_REFERENCE","YES"
"img.chefkoch-cdn.de","EXTERNAL_REFERENCE","YES"
"img.chefkoch-cdn.de","EXTERNAL_REFERENCE","YES"
"www.chefkoch.de","EXTERNAL_REFERENCE","YES"
"img.chefkoch-cdn.de","EXTERNAL_REFERENCE","YES"
"img.chefkoch-cdn.de","EXTERNAL_REFERENCE","YES"
"img.chefkoch-cdn.de","EXTERNAL_REFERENCE","YES"
"img.chefkoch-cdn.de","EXTERNAL_REFERENCE","YES"
"img.chefkoch-cdn.de","EXTERNAL_REFERENCE","YES"
"www.chefkoch.de","EXTERNAL_REFERENCE","YES"
"img.chefkoch-cdn.de","EXTERNAL_REFERENCE","YES"
"img.chefkoch-cdn.de","EXTERNAL_REFERENCE","YES"
"img.chefkoch-cdn.de","EXTERNAL_REFERENCE","YES"
"img.chefkoch-cdn.de","EXTERNAL_REFERENCE","YES"
"img.chefkoch-cdn.de","EXTERNAL_REFERENCE","YES"
"www.chefkoch.de","EXTERNAL_REFERENCE","YES"
"img.chefkoch-cdn.de","EXTERNAL_REFERENCE","YES"
"img.chefkoch-cdn.de","EXTERNAL_REFERENCE","YES"
"img.chefkoch-cdn.de","EXTERNAL_REFERENCE","YES"
"img.chefkoch-cdn.de","EXTERNAL_REFERENCE","YES"
"img.chefkoch-cdn.de","EXTERNAL_REFERENCE","YES"
"www.chefkoch.de","EXTERNAL_REFERENCE","YES"
"img.chefkoch-cdn.de","EXTERNAL_REFERENCE","YES"
"img.chefkoch-cdn.de","EXTERNAL_REFERENCE","YES"
"img.chefkoch-cdn.de","EXTERNAL_REFERENCE","YES"
"img.chefkoch-cdn.de","EXTERNAL_REFERENCE","YES"
"img.chefkoch-cdn.de","EXTERNAL_REFERENCE","YES"
"www.chefkoch.de","EXTERNAL_REFERENCE","YES"
"img.chefkoch-cdn.de","EXTERNAL_REFERENCE","YES"
"img.chefkoch-cdn.de","EXTERNAL_REFERENCE","YES"
"img.chefkoch-cdn.de","EXTERNAL_REFERENCE","YES"
"img.chefkoch-cdn.de","EXTERNAL_REFERENCE","YES"
"img.chefkoch-cdn.de","EXTERNAL_REFERENCE","YES"
"www.chefkoch.de","EXTERNAL_REFERENCE","YES"
"img.chefkoch-cdn.de","EXTERNAL_REFERENCE","YES"
"img.chefkoch-cdn.de","EXTERNAL_REFERENCE","YES"
"img.chefkoch-cdn.de","EXTERNAL_REFERENCE","YES"
"img.chefkoch-cdn.de","EXTERNAL_REFERENCE","YES"
"img.chefkoch-cdn.de","EXTERNAL_REFERENCE","YES"
"www.chefkoch.de","EXTERNAL_REFERENCE","YES"
"img.chefkoch-cdn.de","EXTERNAL_REFERENCE","YES"
"img.chefkoch-cdn.de","EXTERNAL_REFERENCE","YES"
"img.chefkoch-cdn.de","EXTERNAL_REFERENCE","YES"
"img.chefkoch-cdn.de","EXTERNAL_REFERENCE","YES"
"img.chefkoch-cdn.de","EXTERNAL_REFERENCE","YES"
"www.chefkoch.de","EXTERNAL_REFERENCE","YES"
"img.chefkoch-cdn.de","EXTERNAL_REFERENCE","YES"
"img.chefkoch-cdn.de","EXTERNAL_REFERENCE","YES"
"img.chefkoch-cdn.de","EXTERNAL_REFERENCE","YES"
"img.chefkoch-cdn.de","EXTERNAL_REFERENCE","YES"
"img.chefkoch-cdn.de","EXTERNAL_REFERENCE","YES"
"www.chefkoch.de","EXTERNAL_REFERENCE","YES"
"img.chefkoch-cdn.de","EXTERNAL_REFERENCE","YES"
"www.chefkoch.de","EXTERNAL_REFERENCE","YES"
"img.chefkoch-cdn.de","EXTERNAL_REFERENCE","YES"
"www.chefkoch.de","EXTERNAL_REFERENCE","YES"
"img.chefkoch-cdn.de","EXTERNAL_REFERENCE","YES"
"www.chefkoch.de","EXTERNAL_REFERENCE","YES"
"img.chefkoch-cdn.de","EXTERNAL_REFERENCE","YES"
"www.chefkoch.de","EXTERNAL_REFERENCE","YES"
"img.chefkoch-cdn.de","EXTERNAL_REFERENCE","YES"
"www.chefkoch.de","EXTERNAL_REFERENCE","YES"
"img.chefkoch-cdn.de","EXTERNAL_REFERENCE","YES"
"www.chefkoch.de","EXTERNAL_REFERENCE","YES"
"img.chefkoch-cdn.de","EXTERNAL_REFERENCE","YES"
"www.chefkoch.de","EXTERNAL_REFERENCE","YES"
"img.chefkoch-cdn.de","EXTERNAL_REFERENCE","YES"
"www.chefkoch.de","EXTERNAL_REFERENCE","YES"
"img.chefkoch-cdn.de","EXTERNAL_REFERENCE","YES"
"www.chefkoch.de","EXTERNAL_REFERENCE","YES"
"img.chefkoch-cdn.de","EXTERNAL_REFERENCE","YES"
"img.chefkoch-cdn.de","EXTERNAL_REFERENCE","YES"
"img.chefkoch-cdn.de","EXTERNAL_REFERENCE","YES"
"img.chefkoch-cdn.de","EXTERNAL_REFERENCE","YES"
"img.chefkoch-cdn.de","EXTERNAL_REFERENCE","YES"
"www.chefkoch.de","EXTERNAL_REFERENCE","YES"
"img.chefkoch-cdn.de","EXTERNAL_REFERENCE","YES"
"img.chefkoch-cdn.de","EXTERNAL_REFERENCE","YES"
"img.chefkoch-cdn.de","EXTERNAL_REFERENCE","YES"
"img.chefkoch-cdn.de","EXTERNAL_REFERENCE","YES"
"img.chefkoch-cdn.de","EXTERNAL_REFERENCE","YES"
"www.chefkoch.de","EXTERNAL_REFERENCE","YES"
"img.chefkoch-cdn.de","EXTERNAL_REFERENCE","YES"
"img.chefkoch-cdn.de","EXTERNAL_REFERENCE","YES"
"img.chefkoch-cdn.de","EXTERNAL_REFERENCE","YES"
"img.chefkoch-cdn.de","EXTERNAL_REFERENCE","YES"
"img.chefkoch-cdn.de","EXTERNAL_REFERENCE","YES"
"www.chefkoch.de","EXTERNAL_REFERENCE","YES"
"img.chefkoch-cdn.de","EXTERNAL_REFERENCE","YES"
"img.chefkoch-cdn.de","EXTERNAL_REFERENCE","YES"
"img.chefkoch-cdn.de","EXTERNAL_REFERENCE","YES"
"img.chefkoch-cdn.de","EXTERNAL_REFERENCE","YES"
"img.chefkoch-cdn.de","EXTERNAL_REFERENCE","YES"
"www.chefkoch.de","EXTERNAL_REFERENCE","YES"
"img.chefkoch-cdn.de","EXTERNAL_REFERENCE","YES"
"img.chefkoch-cdn.de","EXTERNAL_REFERENCE","YES"
"img.chefkoch-cdn.de","EXTERNAL_REFERENCE","YES"
"img.chefkoch-cdn.de","EXTERNAL_REFERENCE","YES"
"img.chefkoch-cdn.de","EXTERNAL_REFERENCE","YES"
"www.chefkoch.de","EXTERNAL_REFERENCE","YES"
"img.chefkoch-cdn.de","EXTERNAL_REFERENCE","YES"
"img.chefkoch-cdn.de","EXTERNAL_REFERENCE","YES"
"img.chefkoch-cdn.de","EXTERNAL_REFERENCE","YES"
"img.chefkoch-cdn.de","EXTERNAL_REFERENCE","YES"
"img.chefkoch-cdn.de","EXTERNAL_REFERENCE","YES"
"www.chefkoch.de","EXTERNAL_REFERENCE","YES"
"img.chefkoch-cdn.de","EXTERNAL_REFERENCE","YES"
"img.chefkoch-cdn.de","EXTERNAL_REFERENCE","YES"
"img.chefkoch-cdn.de","EXTERNAL_REFERENCE","YES"
"img.chefkoch-cdn.de","EXTERNAL_REFERENCE","YES"
"img.chefkoch-cdn.de","EXTERNAL_REFERENCE","YES"
"www.chefkoch.de","EXTERNAL_REFERENCE","YES"
"img.chefkoch-cdn.de","EXTERNAL_REFERENCE","YES"
"img.chefkoch-cdn.de","EXTERNAL_REFERENCE","YES"
"img.chefkoch-cdn.de","EXTERNAL_REFERENCE","YES"
"img.chefkoch-cdn.de","EXTERNAL_REFERENCE","YES"
"img.chefkoch-cdn.de","EXTERNAL_REFERENCE","YES"
"www.chefkoch.de","EXTERNAL_REFERENCE","YES"
"www.chefkoch.de","EXTERNAL_REFERENCE","YES"
"img.chefkoch-cdn.de","EXTERNAL_REFERENCE","YES"
"img.chefkoch-cdn.de","EXTERNAL_REFERENCE","YES"
"img.chefkoch-cdn.de","EXTERNAL_REFERENCE","YES"
"img.chefkoch-cdn.de","EXTERNAL_REFERENCE","YES"
"img.chefkoch-cdn.de","EXTERNAL_REFERENCE","YES"
"img.chefkoch-cdn.de","EXTERNAL_REFERENCE","YES"
"www.chefkoch.de","EXTERNAL_REFERENCE","YES"
"img.chefkoch-cdn.de","EXTERNAL_REFERENCE","YES"
"img.chefkoch-cdn.de","EXTERNAL_REFERENCE","YES"
"img.chefkoch-cdn.de","EXTERNAL_REFERENCE","YES"
"img.chefkoch-cdn.de","EXTERNAL_REFERENCE","YES"
"img.chefkoch-cdn.de","EXTERNAL_REFERENCE","YES"
"img.chefkoch-cdn.de","EXTERNAL_REFERENCE","YES"
"www.chefkoch.de","EXTERNAL_REFERENCE","YES"
"img.chefkoch-cdn.de","EXTERNAL_REFERENCE","YES"
"img.chefkoch-cdn.de","EXTERNAL_REFERENCE","YES"
"img.chefkoch-cdn.de","EXTERNAL_REFERENCE","YES"
"img.chefkoch-cdn.de","EXTERNAL_REFERENCE","YES"
"img.chefkoch-cdn.de","EXTERNAL_REFERENCE","YES"
"img.chefkoch-cdn.de","EXTERNAL_REFERENCE","YES"
"www.chefkoch.de","EXTERNAL_REFERENCE","YES"
"img.chefkoch-cdn.de","EXTERNAL_REFERENCE","YES"
"img.chefkoch-cdn.de","EXTERNAL_REFERENCE","YES"
"img.chefkoch-cdn.de","EXTERNAL_REFERENCE","YES"
"img.chefkoch-cdn.de","EXTERNAL_REFERENCE","YES"
"img.chefkoch-cdn.de","EXTERNAL_REFERENCE","YES"
"img.chefkoch-cdn.de","EXTERNAL_REFERENCE","YES"
"www.chefkoch.de","EXTERNAL_REFERENCE","YES"
"img.chefkoch-cdn.de","EXTERNAL_REFERENCE","YES"
"img.chefkoch-cdn.de","EXTERNAL_REFERENCE","YES"
"img.chefkoch-cdn.de","EXTERNAL_REFERENCE","YES"
"img.chefkoch-cdn.de","EXTERNAL_REFERENCE","YES"
"img.chefkoch-cdn.de","EXTERNAL_REFERENCE","YES"
"img.chefkoch-cdn.de","EXTERNAL_REFERENCE","YES"
"www.chefkoch.de","EXTERNAL_REFERENCE","YES"
"img.chefkoch-cdn.de","EXTERNAL_REFERENCE","YES"
"img.chefkoch-cdn.de","EXTERNAL_REFERENCE","YES"
"img.chefkoch-cdn.de","EXTERNAL_REFERENCE","YES"
"img.chefkoch-cdn.de","EXTERNAL_REFERENCE","YES"
"img.chefkoch-cdn.de","EXTERNAL_REFERENCE","YES"
"img.chefkoch-cdn.de","EXTERNAL_REFERENCE","YES"
"www.chefkoch.de","EXTERNAL_REFERENCE","YES"
"img.chefkoch-cdn.de","EXTERNAL_REFERENCE","YES"
"img.chefkoch-cdn.de","EXTERNAL_REFERENCE","YES"
"img.chefkoch-cdn.de","EXTERNAL_REFERENCE","YES"
"img.chefkoch-cdn.de","EXTERNAL_REFERENCE","YES"
"img.chefkoch-cdn.de","EXTERNAL_REFERENCE","YES"
"img.chefkoch-cdn.de","EXTERNAL_REFERENCE","YES"
"www.chefkoch.de","EXTERNAL_REFERENCE","YES"
"img.chefkoch-cdn.de","EXTERNAL_REFERENCE","YES"
"img.chefkoch-cdn.de","EXTERNAL_REFERENCE","YES"
"img.chefkoch-cdn.de","EXTERNAL_REFERENCE","YES"
"img.chefkoch-cdn.de","EXTERNAL_REFERENCE","YES"
"img.chefkoch-cdn.de","EXTERNAL_REFERENCE","YES"
"img.chefkoch-cdn.de","EXTERNAL_REFERENCE","YES"
"www.chefkoch.de","EXTERNAL_REFERENCE","YES"
"img.chefkoch-cdn.de","EXTERNAL_REFERENCE","YES"
"img.chefkoch-cdn.de","EXTERNAL_REFERENCE","YES"
"img.chefkoch-cdn.de","EXTERNAL_REFERENCE","YES"
"img.chefkoch-cdn.de","EXTERNAL_REFERENCE","YES"
"img.chefkoch-cdn.de","EXTERNAL_REFERENCE","YES"
"img.chefkoch-cdn.de","EXTERNAL_REFERENCE","YES"
"www.chefkoch.de","EXTERNAL_REFERENCE","YES"
"api.chefkoch.de","EXTERNAL_REFERENCE","YES"
"api.chefkoch.de","EXTERNAL_REFERENCE","YES"
"api.chefkoch.de","EXTERNAL_REFERENCE","YES"
"api.chefkoch.de","EXTERNAL_REFERENCE","YES"
"api.chefkoch.de","EXTERNAL_REFERENCE","YES"
"img.chefkoch-cdn.de","EXTERNAL_REFERENCE","YES"
"www.chefkoch.de","EXTERNAL_REFERENCE","YES"
"img.chefkoch-cdn.de","EXTERNAL_REFERENCE","YES"
"img.chefkoch-cdn.de","EXTERNAL_REFERENCE","YES"
"img.chefkoch-cdn.de","EXTERNAL_REFERENCE","YES"
"img.chefkoch-cdn.de","EXTERNAL_REFERENCE","YES"
"img.chefkoch-cdn.de","EXTERNAL_REFERENCE","YES"
"img.chefkoch-cdn.de","EXTERNAL_REFERENCE","YES"
"www.chefkoch.de","EXTERNAL_REFERENCE","YES"
"img.chefkoch-cdn.de","EXTERNAL_REFERENCE","YES"
"img.chefkoch-cdn.de","EXTERNAL_REFERENCE","YES"
"img.chefkoch-cdn.de","EXTERNAL_REFERENCE","YES"
"img.chefkoch-cdn.de","EXTERNAL_REFERENCE","YES"
"img.chefkoch-cdn.de","EXTERNAL_REFERENCE","YES"
"img.chefkoch-cdn.de","EXTERNAL_REFERENCE","YES"
"www.chefkoch.de","EXTERNAL_REFERENCE","YES"
"img.chefkoch-cdn.de","EXTERNAL_REFERENCE","YES"
"img.chefkoch-cdn.de","EXTERNAL_REFERENCE","YES"
"img.chefkoch-cdn.de","EXTERNAL_REFERENCE","YES"
"img.chefkoch-cdn.de","EXTERNAL_REFERENCE","YES"
"img.chefkoch-cdn.de","EXTERNAL_REFERENCE","YES"
"img.chefkoch-cdn.de","EXTERNAL_REFERENCE","YES"
"www.chefkoch.de","EXTERNAL_REFERENCE","YES"
"img.chefkoch-cdn.de","EXTERNAL_REFERENCE","YES"
"img.chefkoch-cdn.de","EXTERNAL_REFERENCE","YES"
"img.chefkoch-cdn.de","EXTERNAL_REFERENCE","YES"
"img.chefkoch-cdn.de","EXTERNAL_REFERENCE","YES"
"img.chefkoch-cdn.de","EXTERNAL_REFERENCE","YES"
"img.chefkoch-cdn.de","EXTERNAL_REFERENCE","YES"
"www.chefkoch.de","EXTERNAL_REFERENCE","YES"
"img.chefkoch-cdn.de","EXTERNAL_REFERENCE","YES"
"img.chefkoch-cdn.de","EXTERNAL_REFERENCE","YES"
"img.chefkoch-cdn.de","EXTERNAL_REFERENCE","YES"
"www.chefkoch.de","EXTERNAL_REFERENCE","YES"
"img.chefkoch-cdn.de","EXTERNAL_REFERENCE","YES"
"img.chefkoch-cdn.de","EXTERNAL_REFERENCE","YES"
"img.chefkoch-cdn.de","EXTERNAL_REFERENCE","YES"
"www.chefkoch.de","EXTERNAL_REFERENCE","YES"
"img.chefkoch-cdn.de","EXTERNAL_REFERENCE","YES"
"img.chefkoch-cdn.de","EXTERNAL_REFERENCE","YES"
"img.chefkoch-cdn.de","EXTERNAL_REFERENCE","YES"
"www.chefkoch.de","EXTERNAL_REFERENCE","YES"
"img.chefkoch-cdn.de","EXTERNAL_REFERENCE","YES"
"img.chefkoch-cdn.de","EXTERNAL_REFERENCE","YES"
"img.chefkoch-cdn.de","EXTERNAL_REFERENCE","YES"
"www.chefkoch.de","EXTERNAL_REFERENCE","YES"
"img.chefkoch-cdn.de","EXTERNAL_REFERENCE","YES"
"img.chefkoch-cdn.de","EXTERNAL_REFERENCE","YES"
"img.chefkoch-cdn.de","EXTERNAL_REFERENCE","YES"
"www.chefkoch.de","EXTERNAL_REFERENCE","YES"
"img.chefkoch-cdn.de","EXTERNAL_REFERENCE","YES"
"img.chefkoch-cdn.de","EXTERNAL_REFERENCE","YES"
"img.chefkoch-cdn.de","EXTERNAL_REFERENCE","YES"
"www.chefkoch.de","EXTERNAL_REFERENCE","YES"
"img.chefkoch-cdn.de","EXTERNAL_REFERENCE","YES"
"img.chefkoch-cdn.de","EXTERNAL_REFERENCE","YES"
"img.chefkoch-cdn.de","EXTERNAL_REFERENCE","YES"
"www.chefkoch.de","EXTERNAL_REFERENCE","YES"
"img.chefkoch-cdn.de","EXTERNAL_REFERENCE","YES"
"img.chefkoch-cdn.de","EXTERNAL_REFERENCE","YES"
"img.chefkoch-cdn.de","EXTERNAL_REFERENCE","YES"
"www.chefkoch.de","EXTERNAL_REFERENCE","YES"
"img.chefkoch-cdn.de","EXTERNAL_REFERENCE","YES"
"img.chefkoch-cdn.de","EXTERNAL_REFERENCE","YES"
"img.chefkoch-cdn.de","EXTERNAL_REFERENCE","YES"
"www.chefkoch.de","EXTERNAL_REFERENCE","YES"
"img.chefkoch-cdn.de","EXTERNAL_REFERENCE","YES"
"img.chefkoch-cdn.de","EXTERNAL_REFERENCE","YES"
"img.chefkoch-cdn.de","EXTERNAL_REFERENCE","YES"
"www.chefkoch.de","EXTERNAL_REFERENCE","YES"
"img.chefkoch-cdn.de","EXTERNAL_REFERENCE","YES"
"img.chefkoch-cdn.de","EXTERNAL_REFERENCE","YES"
"img.chefkoch-cdn.de","EXTERNAL_REFERENCE","YES"
"www.chefkoch.de","EXTERNAL_REFERENCE","YES"
"img.chefkoch-cdn.de","EXTERNAL_REFERENCE","YES"
"img.chefkoch-cdn.de","EXTERNAL_REFERENCE","YES"
"img.chefkoch-cdn.de","EXTERNAL_REFERENCE","YES"
"www.chefkoch.de","EXTERNAL_REFERENCE","YES"
"img.chefkoch-cdn.de","EXTERNAL_REFERENCE","YES"
"img.chefkoch-cdn.de","EXTERNAL_REFERENCE","YES"
"img.chefkoch-cdn.de","EXTERNAL_REFERENCE","YES"
"img.chefkoch-cdn.de","EXTERNAL_REFERENCE","YES"
"img.chefkoch-cdn.de","EXTERNAL_REFERENCE","YES"
"www.chefkoch.de","EXTERNAL_REFERENCE","YES"
"img.chefkoch-cdn.de","EXTERNAL_REFERENCE","YES"
"img.chefkoch-cdn.de","EXTERNAL_REFERENCE","YES"
"img.chefkoch-cdn.de","EXTERNAL_REFERENCE","YES"
"img.chefkoch-cdn.de","EXTERNAL_REFERENCE","YES"
"img.chefkoch-cdn.de","EXTERNAL_REFERENCE","YES"
"www.chefkoch.de","EXTERNAL_REFERENCE","YES"
"img.chefkoch-cdn.de","EXTERNAL_REFERENCE","YES"
"img.chefkoch-cdn.de","EXTERNAL_REFERENCE","YES"
"img.chefkoch-cdn.de","EXTERNAL_REFERENCE","YES"
"img.chefkoch-cdn.de","EXTERNAL_REFERENCE","YES"
"img.chefkoch-cdn.de","EXTERNAL_REFERENCE","YES"
"www.chefkoch.de","EXTERNAL_REFERENCE","YES"
"img.chefkoch-cdn.de","EXTERNAL_REFERENCE","YES"
"img.chefkoch-cdn.de","EXTERNAL_REFERENCE","YES"
"img.chefkoch-cdn.de","EXTERNAL_REFERENCE","YES"
"img.chefkoch-cdn.de","EXTERNAL_REFERENCE","YES"
"img.chefkoch-cdn.de","EXTERNAL_REFERENCE","YES"
"www.chefkoch.de","EXTERNAL_REFERENCE","YES"
"img.chefkoch-cdn.de","EXTERNAL_REFERENCE","YES"
"img.chefkoch-cdn.de","EXTERNAL_REFERENCE","YES"
"img.chefkoch-cdn.de","EXTERNAL_REFERENCE","YES"
"img.chefkoch-cdn.de","EXTERNAL_REFERENCE","YES"
"img.chefkoch-cdn.de","EXTERNAL_REFERENCE","YES"
"img.chefkoch-cdn.de","EXTERNAL_REFERENCE","YES"
"img.chefkoch-cdn.de","EXTERNAL_REFERENCE","YES"
"img.chefkoch-cdn.de","EXTERNAL_REFERENCE","YES"
"img.chefkoch-cdn.de","EXTERNAL_REFERENCE","YES"
"img.chefkoch-cdn.de","EXTERNAL_REFERENCE","YES"
"img.chefkoch-cdn.de","EXTERNAL_REFERENCE","YES"
"img.chefkoch-cdn.de","EXTERNAL_REFERENCE","YES"
"www.chefkoch.de","EXTERNAL_REFERENCE","YES"
"img.chefkoch-cdn.de","EXTERNAL_REFERENCE","YES"
"img.chefkoch-cdn.de","EXTERNAL_REFERENCE","YES"
"img.chefkoch-cdn.de","EXTERNAL_REFERENCE","YES"
"www.chefkoch.de","EXTERNAL_REFERENCE","YES"
"img.chefkoch-cdn.de","EXTERNAL_REFERENCE","YES"
"img.chefkoch-cdn.de","EXTERNAL_REFERENCE","YES"
"img.chefkoch-cdn.de","EXTERNAL_REFERENCE","YES"
"www.chefkoch.de","EXTERNAL_REFERENCE","YES"
"img.chefkoch-cdn.de","EXTERNAL_REFERENCE","YES"
"img.chefkoch-cdn.de","EXTERNAL_REFERENCE","YES"
"img.chefkoch-cdn.de","EXTERNAL_REFERENCE","YES"
"www.chefkoch.de","EXTERNAL_REFERENCE","YES"
"img.chefkoch-cdn.de","EXTERNAL_REFERENCE","YES"
"img.chefkoch-cdn.de","EXTERNAL_REFERENCE","YES"
"img.chefkoch-cdn.de","EXTERNAL_REFERENCE","YES"
"www.chefkoch.de","EXTERNAL_REFERENCE","YES"
"img.chefkoch-cdn.de","EXTERNAL_REFERENCE","YES"
"img.chefkoch-cdn.de","EXTERNAL_REFERENCE","YES"
"img.chefkoch-cdn.de","EXTERNAL_REFERENCE","YES"
"img.chefkoch-cdn.de","EXTERNAL_REFERENCE","YES"
"img.chefkoch-cdn.de","EXTERNAL_REFERENCE","YES"
"www.chefkoch.de","EXTERNAL_REFERENCE","YES"
"img.chefkoch-cdn.de","EXTERNAL_REFERENCE","YES"
"img.chefkoch-cdn.de","EXTERNAL_REFERENCE","YES"
"img.chefkoch-cdn.de","EXTERNAL_REFERENCE","YES"
"img.chefkoch-cdn.de","EXTERNAL_REFERENCE","YES"
"img.chefkoch-cdn.de","EXTERNAL_REFERENCE","YES"
"img.chefkoch-cdn.de","EXTERNAL_REFERENCE","YES"
"www.chefkoch.de","EXTERNAL_REFERENCE","YES"
"img.chefkoch-cdn.de","EXTERNAL_REFERENCE","YES"
"img.chefkoch-cdn.de","EXTERNAL_REFERENCE","YES"
"img.chefkoch-cdn.de","EXTERNAL_REFERENCE","YES"
"img.chefkoch-cdn.de","EXTERNAL_REFERENCE","YES"
"img.chefkoch-cdn.de","EXTERNAL_REFERENCE","YES"
"www.chefkoch.de","EXTERNAL_REFERENCE","YES"
"img.chefkoch-cdn.de","EXTERNAL_REFERENCE","YES"
"img.chefkoch-cdn.de","EXTERNAL_REFERENCE","YES"
"img.chefkoch-cdn.de","EXTERNAL_REFERENCE","YES"
"img.chefkoch-cdn.de","EXTERNAL_REFERENCE","YES"
"img.chefkoch-cdn.de","EXTERNAL_REFERENCE","YES"
"www.chefkoch.de","EXTERNAL_REFERENCE","YES"
"img.chefkoch-cdn.de","EXTERNAL_REFERENCE","YES"
"img.chefkoch-cdn.de","EXTERNAL_REFERENCE","YES"
"img.chefkoch-cdn.de","EXTERNAL_REFERENCE","YES"
"img.chefkoch-cdn.de","EXTERNAL_REFERENCE","YES"
"img.chefkoch-cdn.de","EXTERNAL_REFERENCE","YES"
"www.chefkoch.de","EXTERNAL_REFERENCE","YES"
"img.chefkoch-cdn.de","EXTERNAL_REFERENCE","YES"
"img.chefkoch-cdn.de","EXTERNAL_REFERENCE","YES"
"img.chefkoch-cdn.de","EXTERNAL_REFERENCE","YES"
"img.chefkoch-cdn.de","EXTERNAL_REFERENCE","YES"
"img.chefkoch-cdn.de","EXTERNAL_REFERENCE","YES"
"www.chefkoch.de","EXTERNAL_REFERENCE","YES"
"img.chefkoch-cdn.de","EXTERNAL_REFERENCE","YES"
"img.chefkoch-cdn.de","EXTERNAL_REFERENCE","YES"
"img.chefkoch-cdn.de","EXTERNAL_REFERENCE","YES"
"img.chefkoch-cdn.de","EXTERNAL_REFERENCE","YES"
"img.chefkoch-cdn.de","EXTERNAL_REFERENCE","YES"
"www.chefkoch.de","EXTERNAL_REFERENCE","YES"
"img.chefkoch-cdn.de","EXTERNAL_REFERENCE","YES"
"img.chefkoch-cdn.de","EXTERNAL_REFERENCE","YES"
"img.chefkoch-cdn.de","EXTERNAL_REFERENCE","YES"
"img.chefkoch-cdn.de","EXTERNAL_REFERENCE","YES"
"img.chefkoch-cdn.de","EXTERNAL_REFERENCE","YES"
"www.chefkoch.de","EXTERNAL_REFERENCE","YES"
"img.chefkoch-cdn.de","EXTERNAL_REFERENCE","YES"
"img.chefkoch-cdn.de","EXTERNAL_REFERENCE","YES"
"img.chefkoch-cdn.de","EXTERNAL_REFERENCE","YES"
"img.chefkoch-cdn.de","EXTERNAL_REFERENCE","YES"
"img.chefkoch-cdn.de","EXTERNAL_REFERENCE","YES"
"www.chefkoch.de","EXTERNAL_REFERENCE","YES"
"img.chefkoch-cdn.de","EXTERNAL_REFERENCE","YES"
"img.chefkoch-cdn.de","EXTERNAL_REFERENCE","YES"
"img.chefkoch-cdn.de","EXTERNAL_REFERENCE","YES"
"img.chefkoch-cdn.de","EXTERNAL_REFERENCE","YES"
"img.chefkoch-cdn.de","EXTERNAL_REFERENCE","YES"
"www.chefkoch.de","EXTERNAL_REFERENCE","YES"
"img.chefkoch-cdn.de","EXTERNAL_REFERENCE","YES"
"img.chefkoch-cdn.de","EXTERNAL_REFERENCE","YES"
"img.chefkoch-cdn.de","EXTERNAL_REFERENCE","YES"
"img.chefkoch-cdn.de","EXTERNAL_REFERENCE","YES"
"img.chefkoch-cdn.de","EXTERNAL_REFERENCE","YES"
"www.chefkoch.de","EXTERNAL_REFERENCE","YES"
"img.chefkoch-cdn.de","EXTERNAL_REFERENCE","YES"
"img.chefkoch-cdn.de","EXTERNAL_REFERENCE","YES"
"img.chefkoch-cdn.de","EXTERNAL_REFERENCE","YES"
"img.chefkoch-cdn.de","EXTERNAL_REFERENCE","YES"
"img.chefkoch-cdn.de","EXTERNAL_REFERENCE","YES"
"www.chefkoch.de","EXTERNAL_REFERENCE","YES"
"www.chefkoch.de","EXTERNAL_REFERENCE","YES"
"img.chefkoch-cdn.de","EXTERNAL_REFERENCE","YES"
"img.chefkoch-cdn.de","EXTERNAL_REFERENCE","YES"
"img.chefkoch-cdn.de","EXTERNAL_REFERENCE","YES"
"img.chefkoch-cdn.de","EXTERNAL_REFERENCE","YES"
"img.chefkoch-cdn.de","EXTERNAL_REFERENCE","YES"
"www.chefkoch.de","EXTERNAL_REFERENCE","YES"
"img.chefkoch-cdn.de","EXTERNAL_REFERENCE","YES"
"img.chefkoch-cdn.de","EXTERNAL_REFERENCE","YES"
"img.chefkoch-cdn.de","EXTERNAL_REFERENCE","YES"
"img.chefkoch-cdn.de","EXTERNAL_REFERENCE","YES"
"img.chefkoch-cdn.de","EXTERNAL_REFERENCE","YES"
"www.chefkoch.de","EXTERNAL_REFERENCE","YES"
"img.chefkoch-cdn.de","EXTERNAL_REFERENCE","YES"
"img.chefkoch-cdn.de","EXTERNAL_REFERENCE","YES"
"img.chefkoch-cdn.de","EXTERNAL_REFERENCE","YES"
"img.chefkoch-cdn.de","EXTERNAL_REFERENCE","YES"
"img.chefkoch-cdn.de","EXTERNAL_REFERENCE","YES"
"www.chefkoch.de","EXTERNAL_REFERENCE","YES"
"img.chefkoch-cdn.de","EXTERNAL_REFERENCE","YES"
"img.chefkoch-cdn.de","EXTERNAL_REFERENCE","YES"
"img.chefkoch-cdn.de","EXTERNAL_REFERENCE","YES"
"img.chefkoch-cdn.de","EXTERNAL_REFERENCE","YES"
"img.chefkoch-cdn.de","EXTERNAL_REFERENCE","YES"
"www.chefkoch.de","EXTERNAL_REFERENCE","YES"
"img.chefkoch-cdn.de","EXTERNAL_REFERENCE","YES"
"img.chefkoch-cdn.de","EXTERNAL_REFERENCE","YES"
"img.chefkoch-cdn.de","EXTERNAL_REFERENCE","YES"
"img.chefkoch-cdn.de","EXTERNAL_REFERENCE","YES"
"img.chefkoch-cdn.de","EXTERNAL_REFERENCE","YES"
"www.chefkoch.de","EXTERNAL_REFERENCE","YES"
"img.chefkoch-cdn.de","EXTERNAL_REFERENCE","YES"
"img.chefkoch-cdn.de","EXTERNAL_REFERENCE","YES"
"img.chefkoch-cdn.de","EXTERNAL_REFERENCE","YES"
"img.chefkoch-cdn.de","EXTERNAL_REFERENCE","YES"
"img.chefkoch-cdn.de","EXTERNAL_REFERENCE","YES"
"www.chefkoch.de","EXTERNAL_REFERENCE","YES"
"img.chefkoch-cdn.de","EXTERNAL_REFERENCE","YES"
"img.chefkoch-cdn.de","EXTERNAL_REFERENCE","YES"
"img.chefkoch-cdn.de","EXTERNAL_REFERENCE","YES"
"img.chefkoch-cdn.de","EXTERNAL_REFERENCE","YES"
"img.chefkoch-cdn.de","EXTERNAL_REFERENCE","YES"
"www.chefkoch.de","EXTERNAL_REFERENCE","YES"
"img.chefkoch-cdn.de","EXTERNAL_REFERENCE","YES"
"img.chefkoch-cdn.de","EXTERNAL_REFERENCE","YES"
"img.chefkoch-cdn.de","EXTERNAL_REFERENCE","YES"
"img.chefkoch-cdn.de","EXTERNAL_REFERENCE","YES"
"img.chefkoch-cdn.de","EXTERNAL_REFERENCE","YES"
"www.chefkoch.de","EXTERNAL_REFERENCE","YES"
"img.chefkoch-cdn.de","EXTERNAL_REFERENCE","YES"
"img.chefkoch-cdn.de","EXTERNAL_REFERENCE","YES"
"img.chefkoch-cdn.de","EXTERNAL_REFERENCE","YES"
"img.chefkoch-cdn.de","EXTERNAL_REFERENCE","YES"
"img.chefkoch-cdn.de","EXTERNAL_REFERENCE","YES"
"www.chefkoch.de","EXTERNAL_REFERENCE","YES"
"www.chefkoch.de","EXTERNAL_REFERENCE","YES"
"img.chefkoch-cdn.de","EXTERNAL_REFERENCE","YES"
"img.chefkoch-cdn.de","EXTERNAL_REFERENCE","YES"
"img.chefkoch-cdn.de","EXTERNAL_REFERENCE","YES"
"img.chefkoch-cdn.de","EXTERNAL_REFERENCE","YES"
"img.chefkoch-cdn.de","EXTERNAL_REFERENCE","YES"
"www.chefkoch.de","EXTERNAL_REFERENCE","YES"
"img.chefkoch-cdn.de","EXTERNAL_REFERENCE","YES"
"img.chefkoch-cdn.de","EXTERNAL_REFERENCE","YES"
"img.chefkoch-cdn.de","EXTERNAL_REFERENCE","YES"
"img.chefkoch-cdn.de","EXTERNAL_REFERENCE","YES"
"img.chefkoch-cdn.de","EXTERNAL_REFERENCE","YES"
"www.chefkoch.de","EXTERNAL_REFERENCE","YES"
"img.chefkoch-cdn.de","EXTERNAL_REFERENCE","YES"
"img.chefkoch-cdn.de","EXTERNAL_REFERENCE","YES"
"img.chefkoch-cdn.de","EXTERNAL_REFERENCE","YES"
"img.chefkoch-cdn.de","EXTERNAL_REFERENCE","YES"
"img.chefkoch-cdn.de","EXTERNAL_REFERENCE","YES"
"www.chefkoch.de","EXTERNAL_REFERENCE","YES"
"img.chefkoch-cdn.de","EXTERNAL_REFERENCE","YES"
"img.chefkoch-cdn.de","EXTERNAL_REFERENCE","YES"
"img.chefkoch-cdn.de","EXTERNAL_REFERENCE","YES"
"img.chefkoch-cdn.de","EXTERNAL_REFERENCE","YES"
"img.chefkoch-cdn.de","EXTERNAL_REFERENCE","YES"
"www.chefkoch.de","EXTERNAL_REFERENCE","YES"
"img.chefkoch-cdn.de","EXTERNAL_REFERENCE","YES"
"img.chefkoch-cdn.de","EXTERNAL_REFERENCE","YES"
"img.chefkoch-cdn.de","EXTERNAL_REFERENCE","YES"
"img.chefkoch-cdn.de","EXTERNAL_REFERENCE","YES"
"img.chefkoch-cdn.de","EXTERNAL_REFERENCE","YES"
"www.chefkoch.de","EXTERNAL_REFERENCE","YES"
"img.chefkoch-cdn.de","EXTERNAL_REFERENCE","YES"
"img.chefkoch-cdn.de","EXTERNAL_REFERENCE","YES"
"img.chefkoch-cdn.de","EXTERNAL_REFERENCE","YES"
"img.chefkoch-cdn.de","EXTERNAL_REFERENCE","YES"
"img.chefkoch-cdn.de","EXTERNAL_REFERENCE","YES"
"www.chefkoch.de","EXTERNAL_REFERENCE","YES"
"img.chefkoch-cdn.de","EXTERNAL_REFERENCE","YES"
"img.chefkoch-cdn.de","EXTERNAL_REFERENCE","YES"
"img.chefkoch-cdn.de","EXTERNAL_REFERENCE","YES"
"img.chefkoch-cdn.de","EXTERNAL_REFERENCE","YES"
"img.chefkoch-cdn.de","EXTERNAL_REFERENCE","YES"
"www.chefkoch.de","EXTERNAL_REFERENCE","YES"
"img.chefkoch-cdn.de","EXTERNAL_REFERENCE","YES"
"img.chefkoch-cdn.de","EXTERNAL_REFERENCE","YES"
"img.chefkoch-cdn.de","EXTERNAL_REFERENCE","YES"
"img.chefkoch-cdn.de","EXTERNAL_REFERENCE","YES"
"img.chefkoch-cdn.de","EXTERNAL_REFERENCE","YES"
"www.chefkoch.de","EXTERNAL_REFERENCE","YES"
"img.chefkoch-cdn.de","EXTERNAL_REFERENCE","YES"
"img.chefkoch-cdn.de","EXTERNAL_REFERENCE","YES"
"img.chefkoch-cdn.de","EXTERNAL_REFERENCE","YES"
"img.chefkoch-cdn.de","EXTERNAL_REFERENCE","YES"
"img.chefkoch-cdn.de","EXTERNAL_REFERENCE","YES"
"www.chefkoch.de","EXTERNAL_REFERENCE","YES"
"www.chefkoch.de","EXTERNAL_REFERENCE","YES"
"img.chefkoch-cdn.de","EXTERNAL_REFERENCE","YES"
"img.chefkoch-cdn.de","EXTERNAL_REFERENCE","YES"
"img.chefkoch-cdn.de","EXTERNAL_REFERENCE","YES"
"img.chefkoch-cdn.de","EXTERNAL_REFERENCE","YES"
"img.chefkoch-cdn.de","EXTERNAL_REFERENCE","YES"
"www.chefkoch.de","EXTERNAL_REFERENCE","YES"
"img.chefkoch-cdn.de","EXTERNAL_REFERENCE","YES"
"img.chefkoch-cdn.de","EXTERNAL_REFERENCE","YES"
"img.chefkoch-cdn.de","EXTERNAL_REFERENCE","YES"
"img.chefkoch-cdn.de","EXTERNAL_REFERENCE","YES"
"img.chefkoch-cdn.de","EXTERNAL_REFERENCE","YES"
"www.chefkoch.de","EXTERNAL_REFERENCE","YES"
"img.chefkoch-cdn.de","EXTERNAL_REFERENCE","YES"
"img.chefkoch-cdn.de","EXTERNAL_REFERENCE","YES"
"img.chefkoch-cdn.de","EXTERNAL_REFERENCE","YES"
"img.chefkoch-cdn.de","EXTERNAL_REFERENCE","YES"
"img.chefkoch-cdn.de","EXTERNAL_REFERENCE","YES"
"www.chefkoch.de","EXTERNAL_REFERENCE","YES"
"img.chefkoch-cdn.de","EXTERNAL_REFERENCE","YES"
"img.chefkoch-cdn.de","EXTERNAL_REFERENCE","YES"
"img.chefkoch-cdn.de","EXTERNAL_REFERENCE","YES"
"img.chefkoch-cdn.de","EXTERNAL_REFERENCE","YES"
"img.chefkoch-cdn.de","EXTERNAL_REFERENCE","YES"
"www.chefkoch.de","EXTERNAL_REFERENCE","YES"
"img.chefkoch-cdn.de","EXTERNAL_REFERENCE","YES"
"img.chefkoch-cdn.de","EXTERNAL_REFERENCE","YES"
"img.chefkoch-cdn.de","EXTERNAL_REFERENCE","YES"
"img.chefkoch-cdn.de","EXTERNAL_REFERENCE","YES"
"img.chefkoch-cdn.de","EXTERNAL_REFERENCE","YES"
"www.chefkoch.de","EXTERNAL_REFERENCE","YES"
"img.chefkoch-cdn.de","EXTERNAL_REFERENCE","YES"
"img.chefkoch-cdn.de","EXTERNAL_REFERENCE","YES"
"img.chefkoch-cdn.de","EXTERNAL_REFERENCE","YES"
"img.chefkoch-cdn.de","EXTERNAL_REFERENCE","YES"
"img.chefkoch-cdn.de","EXTERNAL_REFERENCE","YES"
"www.chefkoch.de","EXTERNAL_REFERENCE","YES"
"img.chefkoch-cdn.de","EXTERNAL_REFERENCE","YES"
"img.chefkoch-cdn.de","EXTERNAL_REFERENCE","YES"
"img.chefkoch-cdn.de","EXTERNAL_REFERENCE","YES"
"img.chefkoch-cdn.de","EXTERNAL_REFERENCE","YES"
"img.chefkoch-cdn.de","EXTERNAL_REFERENCE","YES"
"www.chefkoch.de","EXTERNAL_REFERENCE","YES"
"img.chefkoch-cdn.de","EXTERNAL_REFERENCE","YES"
"img.chefkoch-cdn.de","EXTERNAL_REFERENCE","YES"
"img.chefkoch-cdn.de","EXTERNAL_REFERENCE","YES"
"img.chefkoch-cdn.de","EXTERNAL_REFERENCE","YES"
"img.chefkoch-cdn.de","EXTERNAL_REFERENCE","YES"
"www.chefkoch.de","EXTERNAL_REFERENCE","YES"
"img.chefkoch-cdn.de","EXTERNAL_REFERENCE","YES"
"img.chefkoch-cdn.de","EXTERNAL_REFERENCE","YES"
"img.chefkoch-cdn.de","EXTERNAL_REFERENCE","YES"
"img.chefkoch-cdn.de","EXTERNAL_REFERENCE","YES"
"img.chefkoch-cdn.de","EXTERNAL_REFERENCE","YES"
"www.chefkoch.de","EXTERNAL_REFERENCE","YES"
"img.chefkoch-cdn.de","EXTERNAL_REFERENCE","YES"
"img.chefkoch-cdn.de","EXTERNAL_REFERENCE","YES"
"img.chefkoch-cdn.de","EXTERNAL_REFERENCE","YES"
"img.chefkoch-cdn.de","EXTERNAL_REFERENCE","YES"
"img.chefkoch-cdn.de","EXTERNAL_REFERENCE","YES"
"img.chefkoch-cdn.de","EXTERNAL_REFERENCE","YES"
"www.chefkoch.de","EXTERNAL_REFERENCE","YES"
"www.chefkoch.de","EXTERNAL_REFERENCE","YES"
"www.chefkoch.de","EXTERNAL_REFERENCE","YES"
"www.chefkoch.de","EXTERNAL_REFERENCE","YES"
"www.chefkoch.de","EXTERNAL_REFERENCE","YES"
"www.chefkoch.de","EXTERNAL_REFERENCE","YES"
"www.chefkoch.de","EXTERNAL_REFERENCE","YES"
"www.chefkoch.de","EXTERNAL_REFERENCE","YES"
"www.chefkoch.de","EXTERNAL_REFERENCE","YES"
"www.chefkoch.de","EXTERNAL_REFERENCE","YES"
"www.chefkoch.de","EXTERNAL_REFERENCE","YES"
"www.chefkoch.de","EXTERNAL_REFERENCE","YES"
"www.chefkoch.de","EXTERNAL_REFERENCE","YES"
"www.chefkoch.de","EXTERNAL_REFERENCE","YES"
"www.chefkoch.de","EXTERNAL_REFERENCE","YES"
"www.chefkoch.de","EXTERNAL_REFERENCE","YES"
"www.chefkoch.de","EXTERNAL_REFERENCE","YES"
"www.chefkoch.de","EXTERNAL_REFERENCE","YES"
"www.chefkoch.de","EXTERNAL_REFERENCE","YES"
"www.chefkoch.de","EXTERNAL_REFERENCE","YES"
"www.chefkoch.de","EXTERNAL_REFERENCE","YES"
"www.chefkoch.de","EXTERNAL_REFERENCE","YES"
"www.chefkoch.de","EXTERNAL_REFERENCE","YES"
"www.chefkoch.de","EXTERNAL_REFERENCE","YES"
"www.chefkoch.de","EXTERNAL_REFERENCE","YES"
"www.chefkoch.de","EXTERNAL_REFERENCE","YES"
"www.chefkoch.de","EXTERNAL_REFERENCE","YES"
"www.chefkoch.de","EXTERNAL_REFERENCE","YES"
"www.chefkoch.de","EXTERNAL_REFERENCE","YES"
"www.chefkoch.de","EXTERNAL_REFERENCE","YES"
"www.chefkoch.de","EXTERNAL_REFERENCE","YES"
"www.chefkoch.de","EXTERNAL_REFERENCE","YES"
"www.chefkoch.de","EXTERNAL_REFERENCE","YES"
"www.chefkoch.de","EXTERNAL_REFERENCE","YES"
"www.chefkoch.de","EXTERNAL_REFERENCE","YES"
"www.chefkoch.de","EXTERNAL_REFERENCE","YES"
"www.chefkoch.de","EXTERNAL_REFERENCE","YES"
"www.chefkoch.de","EXTERNAL_REFERENCE","YES"
"www.chefkoch.de","EXTERNAL_REFERENCE","YES"
"www.chefkoch.de","EXTERNAL_REFERENCE","YES"
"www.chefkoch.de","EXTERNAL_REFERENCE","YES"
"www.chefkoch.de","EXTERNAL_REFERENCE","YES"
"www.chefkoch.de","EXTERNAL_REFERENCE","YES"
"www.chefkoch.de","EXTERNAL_REFERENCE","YES"
"www.chefkoch.de","EXTERNAL_REFERENCE","YES"
"www.chefkoch.de","EXTERNAL_REFERENCE","YES"
"www.chefkoch.de","EXTERNAL_REFERENCE","YES"
"www.chefkoch.de","EXTERNAL_REFERENCE","YES"
"www.chefkoch.de","EXTERNAL_REFERENCE","YES"
"www.chefkoch.de","EXTERNAL_REFERENCE","YES"
"www.chefkoch.de","EXTERNAL_REFERENCE","YES"
"www.chefkoch.de","EXTERNAL_REFERENCE","YES"
"www.chefkoch.de","EXTERNAL_REFERENCE","YES"
"www.chefkoch.de","EXTERNAL_REFERENCE","YES"
"www.chefkoch.de","EXTERNAL_REFERENCE","YES"
"www.chefkoch.de","EXTERNAL_REFERENCE","YES"
"www.chefkoch.de","EXTERNAL_REFERENCE","YES"
"www.chefkoch.de","EXTERNAL_REFERENCE","YES"
"www.chefkoch.de","EXTERNAL_REFERENCE","YES"
"www.chefkoch.de","EXTERNAL_REFERENCE","YES"
"www.chefkoch.de","EXTERNAL_REFERENCE","YES"
"www.chefkoch.de","EXTERNAL_REFERENCE","YES"
"www.chefkoch.de","EXTERNAL_REFERENCE","YES"
"www.chefkoch.de","EXTERNAL_REFERENCE","YES"
"www.chefkoch.de","EXTERNAL_REFERENCE","YES"
"www.chefkoch.de","EXTERNAL_REFERENCE","YES"
"www.chefkoch.de","EXTERNAL_REFERENCE","YES"
"www.chefkoch.de","EXTERNAL_REFERENCE","YES"
"www.chefkoch.de","EXTERNAL_REFERENCE","YES"
"www.chefkoch.de","EXTERNAL_REFERENCE","YES"
"www.chefkoch.de","EXTERNAL_REFERENCE","YES"
"www.chefkoch.de","EXTERNAL_REFERENCE","YES"
"www.chefkoch.de","EXTERNAL_REFERENCE","YES"
"www.chefkoch.de","EXTERNAL_REFERENCE","YES"
"www.chefkoch.de","EXTERNAL_REFERENCE","YES"
"www.chefkoch.de","EXTERNAL_REFERENCE","YES"
"www.chefkoch.de","EXTERNAL_REFERENCE","YES"
"www.chefkoch.de","EXTERNAL_REFERENCE","YES"
"www.chefkoch.de","EXTERNAL_REFERENCE","YES"
"www.chefkoch.de","EXTERNAL_REFERENCE","YES"
"www.chefkoch.de","EXTERNAL_REFERENCE","YES"
"www.chefkoch.de","EXTERNAL_REFERENCE","YES"
"www.chefkoch.de","EXTERNAL_REFERENCE","YES"
"www.chefkoch.de","EXTERNAL_REFERENCE","YES"
"www.chefkoch.de","EXTERNAL_REFERENCE","YES"
"www.chefkoch.de","EXTERNAL_REFERENCE","YES"
"www.chefkoch.de","EXTERNAL_REFERENCE","YES"
"www.chefkoch.de","EXTERNAL_REFERENCE","YES"
"www.chefkoch.de","EXTERNAL_REFERENCE","YES"
"www.chefkoch.de","EXTERNAL_REFERENCE","YES"
"www.chefkoch.de","EXTERNAL_REFERENCE","YES"
"www.chefkoch.de","EXTERNAL_REFERENCE","YES"
"www.chefkoch.de","EXTERNAL_REFERENCE","YES"
"www.chefkoch.de","EXTERNAL_REFERENCE","YES"
"www.chefkoch.de","EXTERNAL_REFERENCE","YES"
"www.chefkoch.de","EXTERNAL_REFERENCE","YES"
"www.chefkoch.de","EXTERNAL_REFERENCE","YES"
"www.chefkoch.de","EXTERNAL_REFERENCE","YES"
"www.chefkoch.de","EXTERNAL_REFERENCE","YES"
"www.chefkoch.de","EXTERNAL_REFERENCE","YES"
"www.chefkoch.de","EXTERNAL_REFERENCE","YES"
"www.chefkoch.de","EXTERNAL_REFERENCE","YES"
"www.chefkoch.de","EXTERNAL_REFERENCE","YES"
"www.chefkoch.de","EXTERNAL_REFERENCE","YES"
"www.chefkoch.de","EXTERNAL_REFERENCE","YES"
"www.chefkoch.de","EXTERNAL_REFERENCE","YES"
"www.chefkoch.de","EXTERNAL_REFERENCE","YES"
"www.chefkoch.de","EXTERNAL_REFERENCE","YES"
"www.chefkoch.de","EXTERNAL_REFERENCE","YES"
"www.chefkoch.de","EXTERNAL_REFERENCE","YES"
"www.chefkoch.de","EXTERNAL_REFERENCE","YES"
"www.chefkoch.de","EXTERNAL_REFERENCE","YES"
"www.chefkoch.de","EXTERNAL_REFERENCE","YES"
"www.chefkoch.de","EXTERNAL_REFERENCE","YES"
"www.chefkoch.de","EXTERNAL_REFERENCE","YES"
"www.chefkoch.de","EXTERNAL_REFERENCE","YES"
"www.chefkoch.de","EXTERNAL_REFERENCE","YES"
"www.chefkoch.de","EXTERNAL_REFERENCE","YES"
"www.chefkoch.de","EXTERNAL_REFERENCE","YES"
"www.chefkoch.de","EXTERNAL_REFERENCE","YES"
"www.chefkoch.de","EXTERNAL_REFERENCE","YES"
"www.chefkoch.de","EXTERNAL_REFERENCE","YES"
"www.chefkoch.de","EXTERNAL_REFERENCE","YES"
"www.chefkoch.de","EXTERNAL_REFERENCE","YES"
"www.chefkoch.de","EXTERNAL_REFERENCE","YES"
"www.chefkoch.de","EXTERNAL_REFERENCE","YES"
"www.chefkoch.de","EXTERNAL_REFERENCE","YES"
"www.chefkoch.de","EXTERNAL_REFERENCE","YES"
"www.chefkoch.de","EXTERNAL_REFERENCE","YES"
"www.chefkoch.de","EXTERNAL_REFERENCE","YES"
"www.chefkoch.de","EXTERNAL_REFERENCE","YES"
"www.chefkoch.de","EXTERNAL_REFERENCE","YES"
"www.chefkoch.de","EXTERNAL_REFERENCE","YES"
"www.chefkoch.de","EXTERNAL_REFERENCE","YES"
"www.chefkoch.de","EXTERNAL_REFERENCE","YES"
"www.chefkoch.de","EXTERNAL_REFERENCE","YES"
"www.chefkoch.de","EXTERNAL_REFERENCE","YES"
"www.chefkoch.de","EXTERNAL_REFERENCE","YES"
"www.chefkoch.de","EXTERNAL_REFERENCE","YES"
"www.chefkoch.de","EXTERNAL_REFERENCE","YES"
"www.chefkoch.de","EXTERNAL_REFERENCE","YES"
"www.chefkoch.de","EXTERNAL_REFERENCE","YES"
"www.chefkoch.de","EXTERNAL_REFERENCE","YES"
"www.chefkoch.de","EXTERNAL_REFERENCE","YES"
"www.chefkoch.de","EXTERNAL_REFERENCE","YES"
"www.chefkoch.de","EXTERNAL_REFERENCE","YES"
"www.chefkoch.de","EXTERNAL_REFERENCE","YES"
"www.chefkoch.de","EXTERNAL_REFERENCE","YES"
"www.chefkoch.de","EXTERNAL_REFERENCE","YES"
"www.chefkoch.de","EXTERNAL_REFERENCE","YES"
"www.chefkoch.de","EXTERNAL_REFERENCE","YES"
"www.chefkoch.de","EXTERNAL_REFERENCE","YES"
"www.chefkoch.de","EXTERNAL_REFERENCE","YES"
"www.chefkoch.de","EXTERNAL_REFERENCE","YES"
"www.chefkoch.de","EXTERNAL_REFERENCE","YES"
"www.chefkoch.de","EXTERNAL_REFERENCE","YES"
"www.chefkoch.de","EXTERNAL_REFERENCE","YES"
"www.chefkoch.de","EXTERNAL_REFERENCE","YES"
"www.chefkoch.de","EXTERNAL_REFERENCE","YES"
"www.chefkoch.de","EXTERNAL_REFERENCE","YES"
"www.chefkoch.de","EXTERNAL_REFERENCE","YES"
"www.chefkoch.de","EXTERNAL_REFERENCE","YES"
"www.chefkoch.de","EXTERNAL_REFERENCE","YES"
"www.chefkoch.de","EXTERNAL_REFERENCE","YES"
"www.chefkoch.de","EXTERNAL_REFERENCE","YES"
"www.chefkoch.de","EXTERNAL_REFERENCE","YES"
"www.chefkoch.de","EXTERNAL_REFERENCE","YES"
"www.chefkoch.de","EXTERNAL_REFERENCE","YES"
"www.chefkoch.de","EXTERNAL_REFERENCE","YES"
"www.chefkoch.de","EXTERNAL_REFERENCE","YES"
"www.chefkoch.de","EXTERNAL_REFERENCE","YES"
"www.chefkoch.de","EXTERNAL_REFERENCE","YES"
"www.chefkoch.de","EXTERNAL_REFERENCE","YES"
"www.chefkoch.de","EXTERNAL_REFERENCE","YES"
"www.chefkoch.de","EXTERNAL_REFERENCE","YES"
"www.chefkoch.de","EXTERNAL_REFERENCE","YES"
"www.chefkoch.de","EXTERNAL_REFERENCE","YES"
"www.chefkoch.de","EXTERNAL_REFERENCE","YES"
"www.chefkoch.de","EXTERNAL_REFERENCE","YES"
"www.chefkoch.de","EXTERNAL_REFERENCE","YES"
"www.chefkoch.de","EXTERNAL_REFERENCE","YES"
"www.chefkoch.de","EXTERNAL_REFERENCE","YES"
"www.chefkoch.de","EXTERNAL_REFERENCE","YES"
"www.chefkoch.de","EXTERNAL_REFERENCE","YES"
"www.chefkoch.de","EXTERNAL_REFERENCE","YES"
"www.chefkoch.de","EXTERNAL_REFERENCE","YES"
"www.chefkoch.de","EXTERNAL_REFERENCE","YES"
"www.chefkoch.de","EXTERNAL_REFERENCE","YES"
"www.chefkoch.de","EXTERNAL_REFERENCE","YES"
"www.chefkoch.de","EXTERNAL_REFERENCE","YES"
"www.chefkoch.de","EXTERNAL_REFERENCE","YES"
"www.chefkoch.de","EXTERNAL_REFERENCE","YES"
"www.chefkoch.de","EXTERNAL_REFERENCE","YES"
"img.chefkoch-cdn.de","EXTERNAL_REFERENCE","YES"
"www.chefkoch.de","EXTERNAL_REFERENCE","YES"
"cdn.taboola.com","EXTERNAL_REFERENCE","YES"
"static.tblcontent.com","EXTERNAL_REFERENCE","YES"
"www.chefkoch.de","EXTERNAL_REFERENCE","YES"
"spark.cloud.funkedigital.de","EXTERNAL_REFERENCE","YES"
"spark.cloud.funkedigital.de","EXTERNAL_REFERENCE","YES"
"static.cleverpush.com","EXTERNAL_REFERENCE","YES"
"www.instagram.com","EXTERNAL_REFERENCE","YES"
"www.tiktok.com","EXTERNAL_REFERENCE","YES"
"www.facebook.com","EXTERNAL_REFERENCE","YES"
"www.pinterest.de","EXTERNAL_REFERENCE","YES"
"www.youtube.com","EXTERNAL_REFERENCE","YES"
"www.whatsapp.com","EXTERNAL_REFERENCE","YES"
"www.chefkoch.de","EXTERNAL_REFERENCE","YES"
"www.chefkoch.de","EXTERNAL_REFERENCE","YES"
"www.chefkoch.de","EXTERNAL_REFERENCE","YES"
"www.chefkoch.de","EXTERNAL_REFERENCE","YES"
"kundenservice.chefkoch.de","EXTERNAL_REFERENCE","YES"
"kundenservice.chefkoch.de","EXTERNAL_REFERENCE","YES"
"www.chefkoch.de","EXTERNAL_REFERENCE","YES"
"www.chefkoch.de","EXTERNAL_REFERENCE","YES"
"www.chefkoch.de","EXTERNAL_REFERENCE","YES"
"www.chefkoch.de","EXTERNAL_REFERENCE","YES"
"www.chefkoch.de","EXTERNAL_REFERENCE","YES"
"www.chefkoch.de","EXTERNAL_REFERENCE","YES"
"www.chefkoch.de","EXTERNAL_REFERENCE","YES"
"www.chefkoch.de","EXTERNAL_REFERENCE","YES"
"www.chefkoch.de","EXTERNAL_REFERENCE","YES"
"www.chefkoch.de","EXTERNAL_REFERENCE","YES"
"www.chefkoch.de","EXTERNAL_REFERENCE","YES"
"kundenservice.chefkoch.de","EXTERNAL_REFERENCE","YES"
"img.chefkoch-cdn.de","EXTERNAL_REFERENCE","YES"
"img.chefkoch-cdn.de","EXTERNAL_REFERENCE","YES"
"img.chefkoch-cdn.de","EXTERNAL_REFERENCE","YES"
"img.chefkoch-cdn.de","EXTERNAL_REFERENCE","YES"
"img.chefkoch-cdn.de","EXTERNAL_REFERENCE","YES"
"img.chefkoch-cdn.de","EXTERNAL_REFERENCE","YES"
"img.chefkoch-cdn.de","EXTERNAL_REFERENCE","YES"
"img.chefkoch-cdn.de","EXTERNAL_REFERENCE","YES"
"img.chefkoch-cdn.de","EXTERNAL_REFERENCE","YES"
"img.chefkoch-cdn.de","EXTERNAL_REFERENCE","YES"
"img.chefkoch-cdn.de","EXTERNAL_REFERENCE","YES"
"img.chefkoch-cdn.de","EXTERNAL_REFERENCE","YES"
"img.chefkoch-cdn.de","EXTERNAL_REFERENCE","YES"
"img.chefkoch-cdn.de","EXTERNAL_REFERENCE","YES"
"img.chefkoch-cdn.de","EXTERNAL_REFERENCE","YES"
"img.chefkoch-cdn.de","EXTERNAL_REFERENCE","YES"
"img.chefkoch-cdn.de","EXTERNAL_REFERENCE","YES"
"img.chefkoch-cdn.de","EXTERNAL_REFERENCE","YES"
"img.chefkoch-cdn.de","EXTERNAL_REFERENCE","YES"
"img.chefkoch-cdn.de","EXTERNAL_REFERENCE","YES"
"www.w3.org","EXTERNAL_REFERENCE","YES"
"img.chefkoch-cdn.de","EXTERNAL_REFERENCE","YES"
"img.chefkoch-cdn.de","EXTERNAL_REFERENCE","YES"
"www.funkemedien.de","EXTERNAL_REFERENCE","YES"
"www.w3.org","EXTERNAL_REFERENCE","YES"
"www.w3.org","EXTERNAL_REFERENCE","YES"
"www.w3.org","EXTERNAL_REFERENCE","YES"
"img.chefkoch-cdn.de","EXTERNAL_REFERENCE","YES"
"img.chefkoch-cdn.de","EXTERNAL_REFERENCE","YES"
"www.chefkoch.de","EXTERNAL_REFERENCE","YES"
"api.chefkoch.de","EXTERNAL_REFERENCE","YES"
"www.chefkoch.de","EXTERNAL_REFERENCE","YES"
"api.chefkoch.de","EXTERNAL_REFERENCE","YES"
"www.chefkoch.de","EXTERNAL_REFERENCE","YES"
"api.chefkoch.de","EXTERNAL_REFERENCE","YES"
"img.chefkoch-cdn.de","EXTERNAL_REFERENCE","YES"
"img.chefkoch-cdn.de","EXTERNAL_REFERENCE","YES"
"img.chefkoch-cdn.de","EXTERNAL_REFERENCE","YES"
"img.chefkoch-cdn.de","EXTERNAL_REFERENCE","YES"
"img.chefkoch-cdn.de","EXTERNAL_REFERENCE","YES"
"img.chefkoch-cdn.de","EXTERNAL_REFERENCE","YES"
"img.chefkoch-cdn.de","EXTERNAL_REFERENCE","YES"
"img.chefkoch-cdn.de","EXTERNAL_REFERENCE","YES"
"img.chefkoch-cdn.de","EXTERNAL_REFERENCE","YES"
"img.chefkoch-cdn.de","EXTERNAL_REFERENCE","YES"
"img.chefkoch-cdn.de","EXTERNAL_REFERENCE","YES"
"img.chefkoch-cdn.de","EXTERNAL_REFERENCE","YES"
"img.chefkoch-cdn.de","EXTERNAL_REFERENCE","YES"
"img.chefkoch-cdn.de","EXTERNAL_REFERENCE","YES"
"img.chefkoch-cdn.de","EXTERNAL_REFERENCE","YES"
"img.chefkoch-cdn.de","EXTERNAL_REFERENCE","YES"
"img.chefkoch-cdn.de","EXTERNAL_REFERENCE","YES"
"img.chefkoch-cdn.de","EXTERNAL_REFERENCE","YES"
"img.chefkoch-cdn.de","EXTERNAL_REFERENCE","YES"
"img.chefkoch-cdn.de","EXTERNAL_REFERENCE","YES"
"img.chefkoch-cdn.de","EXTERNAL_REFERENCE","YES"
"img.chefkoch-cdn.de","EXTERNAL_REFERENCE","YES"
"img.chefkoch-cdn.de","EXTERNAL_REFERENCE","YES"
"img.chefkoch-cdn.de","EXTERNAL_REFERENCE","YES"
"img.chefkoch-cdn.de","EXTERNAL_REFERENCE","YES"
"img.chefkoch-cdn.de","EXTERNAL_REFERENCE","YES"
"img.chefkoch-cdn.de","EXTERNAL_REFERENCE","YES"
"img.chefkoch-cdn.de","EXTERNAL_REFERENCE","YES"
"img.chefkoch-cdn.de","EXTERNAL_REFERENCE","YES"
"img.chefkoch-cdn.de","EXTERNAL_REFERENCE","YES"
"img.chefkoch-cdn.de","EXTERNAL_REFERENCE","YES"
"img.chefkoch-cdn.de","EXTERNAL_REFERENCE","YES"
"img.chefkoch-cdn.de","EXTERNAL_REFERENCE","YES"
"img.chefkoch-cdn.de","EXTERNAL_REFERENCE","YES"
"img.chefkoch-cdn.de","EXTERNAL_REFERENCE","YES"
"img.chefkoch-cdn.de","EXTERNAL_REFERENCE","YES"
"img.chefkoch-cdn.de","EXTERNAL_REFERENCE","YES"
"img.chefkoch-cdn.de","EXTERNAL_REFERENCE","YES"
"img.chefkoch-cdn.de","EXTERNAL_REFERENCE","YES"
"img.chefkoch-cdn.de","EXTERNAL_REFERENCE","YES"
"img.chefkoch-cdn.de","EXTERNAL_REFERENCE","YES"
"img.chefkoch-cdn.de","EXTERNAL_REFERENCE","YES"
"img.chefkoch-cdn.de","EXTERNAL_REFERENCE","YES"
"img.chefkoch-cdn.de","EXTERNAL_REFERENCE","YES"
"img.chefkoch-cdn.de","EXTERNAL_REFERENCE","YES"
"img.chefkoch-cdn.de","EXTERNAL_REFERENCE","YES"
"img.chefkoch-cdn.de","EXTERNAL_REFERENCE","YES"
"img.chefkoch-cdn.de","EXTERNAL_REFERENCE","YES"
"img.chefkoch-cdn.de","EXTERNAL_REFERENCE","YES"
"img.chefkoch-cdn.de","EXTERNAL_REFERENCE","YES"
"img.chefkoch-cdn.de","EXTERNAL_REFERENCE","YES"
"img.chefkoch-cdn.de","EXTERNAL_REFERENCE","YES"
"img.chefkoch-cdn.de","EXTERNAL_REFERENCE","YES"
"img.chefkoch-cdn.de","EXTERNAL_REFERENCE","YES"
"img.chefkoch-cdn.de","EXTERNAL_REFERENCE","YES"
"img.chefkoch-cdn.de","EXTERNAL_REFERENCE","YES"
"img.chefkoch-cdn.de","EXTERNAL_REFERENCE","YES"
"img.chefkoch-cdn.de","EXTERNAL_REFERENCE","YES"
"img.chefkoch-cdn.de","EXTERNAL_REFERENCE","YES"
"img.chefkoch-cdn.de","EXTERNAL_REFERENCE","YES"
"img.chefkoch-cdn.de","EXTERNAL_REFERENCE","YES"
"img.chefkoch-cdn.de","EXTERNAL_REFERENCE","YES"
"www.instagram.com","EXTERNAL_REFERENCE","YES"
"www.tiktok.com","EXTERNAL_REFERENCE","YES"
"www.facebook.com","EXTERNAL_REFERENCE","YES"
"www.pinterest.de","EXTERNAL_REFERENCE","YES"
"www.youtube.com","EXTERNAL_REFERENCE","YES"
"www.whatsapp.com","EXTERNAL_REFERENCE","YES"
"kundenservice.chefkoch.de","EXTERNAL_REFERENCE","YES"
"kundenservice.chefkoch.de","EXTERNAL_REFERENCE","YES"
"kundenservice.chefkoch.de","EXTERNAL_REFERENCE","YES"
