"file","url_path","depth","filename","keywords"
"C:\Meine Webseiten\freebasis\index.html","index.html","1","index.html","index"
"C:\Meine Webseiten\freebasis\www.chefkoch.de\index.html","www.chefkoch.de\index.html","2","index.html","index"
"C:\Meine Webseiten\freebasis\www.chefkoch.de\kochstars\thema-des-monats\märz-2023.html","www.chefkoch.de\kochstars\thema-des-monats\märz-2023.html","4","märz-2023.html","märz 2023"
"C:\Meine Webseiten\freebasis\www.chefkoch.de\rs\s0\alkoholfreie+heiße+getränke\Rezepte.html","www.chefkoch.de\rs\s0\alkoholfreie+heiße+getränke\Rezepte.html","5","Rezepte.html","Rezepte"
"C:\Meine Webseiten\freebasis\www.chefkoch.de\rs\s0\auflauf+günstig\Rezepte.html","www.chefkoch.de\rs\s0\auflauf+günstig\Rezepte.html","5","Rezepte.html","Rezepte"
"C:\Meine Webseiten\freebasis\www.chefkoch.de\rs\s0\backen+küchenmaschinen\Rezepte.html","www.chefkoch.de\rs\s0\backen+küchenmaschinen\Rezepte.html","5","Rezepte.html","Rezepte"
"C:\Meine Webseiten\freebasis\www.chefkoch.de\rs\s0\gemüsechips\Rezepte.html","www.chefkoch.de\rs\s0\gemüsechips\Rezepte.html","5","Rezepte.html","Rezepte"
"C:\Meine Webseiten\freebasis\www.chefkoch.de\rs\s0\gewürzmandeln\Rezepte.html","www.chefkoch.de\rs\s0\gewürzmandeln\Rezepte.html","5","Rezepte.html","Rezepte"
"C:\Meine Webseiten\freebasis\www.chefkoch.de\rs\s0\heißluftfritteuse\Rezepte.html","www.chefkoch.de\rs\s0\heißluftfritteuse\Rezepte.html","5","Rezepte.html","Rezepte"
"C:\Meine Webseiten\freebasis\www.chefkoch.de\rs\s0\hochzeit+beiträge\Rezepte.html","www.chefkoch.de\rs\s0\hochzeit+beiträge\Rezepte.html","5","Rezepte.html","Rezepte"
"C:\Meine Webseiten\freebasis\www.chefkoch.de\rs\s0\küchenmaschine\Rezepte.html","www.chefkoch.de\rs\s0\küchenmaschine\Rezepte.html","5","Rezepte.html","Rezepte"
"C:\Meine Webseiten\freebasis\www.chefkoch.de\rs\s0\küchenmaschine+einfach\Rezepte.html","www.chefkoch.de\rs\s0\küchenmaschine+einfach\Rezepte.html","5","Rezepte.html","Rezepte"
"C:\Meine Webseiten\freebasis\www.chefkoch.de\rs\s0\kürbis\Rezepte.html","www.chefkoch.de\rs\s0\kürbis\Rezepte.html","5","Rezepte.html","Rezepte"
"C:\Meine Webseiten\freebasis\www.chefkoch.de\rs\s0\leinöl\Rezepte.html","www.chefkoch.de\rs\s0\leinöl\Rezepte.html","5","Rezepte.html","Rezepte"
"C:\Meine Webseiten\freebasis\www.chefkoch.de\rs\s0\schwarz+weiß+gebäck\Rezepte.html","www.chefkoch.de\rs\s0\schwarz+weiß+gebäck\Rezepte.html","5","Rezepte.html","Rezepte"
"C:\Meine Webseiten\freebasis\www.chefkoch.de\rs\s0t11\Getränk-Rezept.html","www.chefkoch.de\rs\s0t11\Getränk-Rezept.html","4","Getränk-Rezept.html","Getränk Rezept"
"C:\Meine Webseiten\freebasis\www.chefkoch.de\rs\s0t18\Gemüse-Rezept.html","www.chefkoch.de\rs\s0t18\Gemüse-Rezept.html","4","Gemüse-Rezept.html","Gemüse Rezept"
"C:\Meine Webseiten\freebasis\www.chefkoch.de\rs\s0t211\Studentenküche-Rezept.html","www.chefkoch.de\rs\s0t211\Studentenküche-Rezept.html","4","Studentenküche-Rezept.html","Studentenküche Rezept"
"C:\Meine Webseiten\freebasis\www.chefkoch.de\rs\s0t58\Geflügel-Rezept.html","www.chefkoch.de\rs\s0t58\Geflügel-Rezept.html","4","Geflügel-Rezept.html","Geflügel Rezept"
"C:\Meine Webseiten\freebasis\www.chefkoch.de\rs\s0t78\Frühling-Rezept.html","www.chefkoch.de\rs\s0t78\Frühling-Rezept.html","4","Frühling-Rezept.html","Frühling Rezept"
"C:\Meine Webseiten\freebasis\www.chefkoch.de\rs\s0t83\Käse-Rezept.html","www.chefkoch.de\rs\s0t83\Käse-Rezept.html","4","Käse-Rezept.html","Käse Rezept"
