"file","folder_level_1","folder_level_2","folder_level_3"
"C:\Meine Webseiten\freebasis\index.html","index.html",,
"C:\Meine Webseiten\freebasis\www.chefkoch.de\index.html","www.chefkoch.de","index.html",
"C:\Meine Webseiten\freebasis\www.chefkoch.de\kochstars\thema-des-monats\märz-2023.html","www.chefkoch.de","kochstars","thema-des-monats"
"C:\Meine Webseiten\freebasis\www.chefkoch.de\rs\s0\alkoholfreie+heiße+getränke\Rezepte.html","www.chefkoch.de","rs","s0"
"C:\Meine Webseiten\freebasis\www.chefkoch.de\rs\s0\auflauf+günstig\Rezepte.html","www.chefkoch.de","rs","s0"
"C:\Meine Webseiten\freebasis\www.chefkoch.de\rs\s0\backen+küchenmaschinen\Rezepte.html","www.chefkoch.de","rs","s0"
"C:\Meine Webseiten\freebasis\www.chefkoch.de\rs\s0\gemüsechips\Rezepte.html","www.chefkoch.de","rs","s0"
"C:\Meine Webseiten\freebasis\www.chefkoch.de\rs\s0\gewürzmandeln\Rezepte.html","www.chefkoch.de","rs","s0"
"C:\Meine Webseiten\freebasis\www.chefkoch.de\rs\s0\heißluftfritteuse\Rezepte.html","www.chefkoch.de","rs","s0"
"C:\Meine Webseiten\freebasis\www.chefkoch.de\rs\s0\hochzeit+beiträge\Rezepte.html","www.chefkoch.de","rs","s0"
"C:\Meine Webseiten\freebasis\www.chefkoch.de\rs\s0\küchenmaschine\Rezepte.html","www.chefkoch.de","rs","s0"
"C:\Meine Webseiten\freebasis\www.chefkoch.de\rs\s0\küchenmaschine+einfach\Rezepte.html","www.chefkoch.de","rs","s0"
"C:\Meine Webseiten\freebasis\www.chefkoch.de\rs\s0\kürbis\Rezepte.html","www.chefkoch.de","rs","s0"
"C:\Meine Webseiten\freebasis\www.chefkoch.de\rs\s0\leinöl\Rezepte.html","www.chefkoch.de","rs","s0"
"C:\Meine Webseiten\freebasis\www.chefkoch.de\rs\s0\schwarz+weiß+gebäck\Rezepte.html","www.chefkoch.de","rs","s0"
"C:\Meine Webseiten\freebasis\www.chefkoch.de\rs\s0t11\Getränk-Rezept.html","www.chefkoch.de","rs","s0t11"
"C:\Meine Webseiten\freebasis\www.chefkoch.de\rs\s0t18\Gemüse-Rezept.html","www.chefkoch.de","rs","s0t18"
"C:\Meine Webseiten\freebasis\www.chefkoch.de\rs\s0t211\Studentenküche-Rezept.html","www.chefkoch.de","rs","s0t211"
"C:\Meine Webseiten\freebasis\www.chefkoch.de\rs\s0t58\Geflügel-Rezept.html","www.chefkoch.de","rs","s0t58"
"C:\Meine Webseiten\freebasis\www.chefkoch.de\rs\s0t78\Frühling-Rezept.html","www.chefkoch.de","rs","s0t78"
"C:\Meine Webseiten\freebasis\www.chefkoch.de\rs\s0t83\Käse-Rezept.html","www.chefkoch.de","rs","s0t83"
